name,tabelog_url,google_url,hours_today,hours_week
Trace,https://tabelog.com/tokyo/A1307/A130703/13246316/,https://www.google.com/maps/place/?q=place_id:ChIJQ_J2PwCLGGARjQsIzJnxMnQ,Closed,Mon-Sun closed
aca,https://tabelog.com/tokyo/A1302/A130202/13249117/,https://www.google.com/maps/place/?q=place_id:ChIJfy-g6MuLGGAR0jcF50OsA3A,Closed,Mon-Sun closed
Nihonbashi Kakigaracho Sugita,https://tabelog.com/tokyo/A1302/A130204/13018162/,https://www.google.com/maps/place/?q=place_id:ChIJAQBM40SJGGARE_FACL6szA0,Closed,Mon-Sun closed
Ninshu Rou,https://tabelog.com/kyoto/A2601/A260503/26033124/,https://www.google.com/maps/place/?q=place_id:ChIJbcuxCrGpAWARpNSFVXT9p60,Closed,Mon-Sun closed
Sushi Sakai,https://tabelog.com/fukuoka/A4001/A400103/40034544/,https://www.google.com/maps/place/?q=place_id:ChIJ17cQ-ZORQTURYW5ez_XrhaE,Closed,Mon-Sun closed
Yoshii,https://tabelog.com/aichi/A2301/A230104/23044914/,https://maps.google.com/?cid=4946522401860609325&g_mp=CiVnb29nbGUubWFwcy5wbGFjZXMudjEuUGxhY2VzLkdldFBsYWNlEAIYBCAA,Closed,Mon-Sun closed
Suetomi,https://tabelog.com/tokyo/A1303/A130301/13259485/,https://www.google.com/maps/place/?q=place_id:ChIJFdN965eLGGARpJIrCWHlLJg,Closed,Mon-Sun closed
Seirin,https://tabelog.com/shizuoka/A2202/A220201/22034729/,https://www.google.com/maps/place/?q=place_id:ChIJjWpTqmzfGmARhhoDqBrK7Ac,Closed,Mon-Sun closed
NK,https://tabelog.com/tokyo/A1309/A130905/13249655/,https://www.google.com/maps/place/?q=place_id:ChIJNVZ7iZeNGGARwaCgfQr6Xws,Closed,Mon-Sun closed
PELLEGRINO,https://tabelog.com/tokyo/A1303/A130302/13072775/,https://www.google.com/maps/place/?q=place_id:ChIJyU9ZMBOLGGARoWaZfVL5ad0,Closed,Mon-Sun closed
Chisou Nishi Kenichi,https://tabelog.com/shizuoka/A2203/A220301/22039375/,https://www.google.com/maps/place/?q=place_id:ChIJD6EMKutFGmARBW7HH41-y9g,Closed,Mon-Sun closed
Ao,https://tabelog.com/tokyo/A1307/A130701/13243463/,https://www.google.com/maps/place/?q=place_id:ChIJWYp8Q7yLGGARD7e3dmFtIqA,Closed,Mon-Sun closed
Sushi Sanshin,https://tabelog.com/osaka/A2701/A270204/27095402/,https://www.google.com/maps/place/?q=place_id:ChIJAQCJ1zbnAGARflJxiP7XttI,Closed,Mon-Sun closed
Ten Zushi Kyomachi Ten,https://tabelog.com/fukuoka/A4004/A400401/40000721/,https://www.google.com/maps/place/?q=place_id:ChIJN17nxk6_QzURPLFr2N4pC-4,Closed,Mon-Sun closed
Japanese Cuisine Fuji,https://tabelog.com/shizuoka/A2201/A220101/22027669/,https://www.google.com/maps/place/?q=place_id:ChIJLa-JA_lJGmARA6AQPJmbtlw,Closed,Mon-Sun closed
Sushi Nanba Hibiya,https://tabelog.com/tokyo/A1301/A130102/13219857/,https://www.google.com/maps/place/?q=place_id:ChIJtx8oJ-6LGGARoBA4oYv4j7c,Closed,Mon-Sun closed
CHIUnE,https://tabelog.com/tokyo/A1308/A130801/13295095/,https://www.google.com/maps/place/?q=place_id:ChIJ_Qw_QQCNGGARIqcxkPIzWbI,Closed,Mon-Sun closed
Sushi Miyakawa,https://tabelog.com/hokkaido/A0101/A010105/1073214/,https://www.google.com/maps/place/?q=place_id:ChIJq6o2ZuopC18R-IYrrMOFUWI,Closed,Mon-Sun closed
Takiya Tempura,https://tabelog.com/tokyo/A1307/A130702/13185763/,https://www.google.com/maps/place/?q=place_id:ChIJL7n6t5-LGGARF9-2SZ-im4U,Closed,Mon-Sun closed
Ogata,https://tabelog.com/kyoto/A2601/A260201/26012136/,https://www.google.com/maps/place/?q=place_id:ChIJKV-kY5wIAWAR63MGW1r_MaY,Closed,Mon-Sun closed
Sushi Shunji,https://tabelog.com/tokyo/A1307/A130701/13282687/,https://www.google.com/maps/place/?q=place_id:ChIJQ7vkUDaLGGAR6qq4tuxpeYQ,Closed,Mon-Sun closed
Kuruma Sushi,https://tabelog.com/ehime/A3801/A380101/38002524/,https://www.google.com/maps/place/?q=place_id:ChIJde5R1ejlTzURIEFbdOHeA6s,Closed,Mon-Sun closed
Shin Zen Bi,https://tabelog.com/aichi/A2301/A230104/23075825/,https://www.google.com/maps/place/?q=place_id:ChIJ457isjtxA2AR1PPrhe6N1G4,Closed,Mon-Sun closed
SAWADA,https://tabelog.com/osaka/A2701/A270108/27137065/,https://www.google.com/maps/place/?q=place_id:ChIJF_KejkPnAGARbqXEXI55f3U,Closed,Mon-Sun closed
respiracion,https://tabelog.com/ishikawa/A1701/A170101/17010732/,https://www.google.com/maps/place/?q=place_id:ChIJf8WQHXEz-F8RyloAPIsk22Q,Closed,Mon-Sun closed
Narayamachi Ao,https://tabelog.com/fukuoka/A4001/A400106/40051882/,https://www.google.com/maps/place/?q=place_id:ChIJ1QjAvgqRQTURGnzQG9np05k,Closed,Mon-Sun closed
Maki Tori Shin Kobe,https://tabelog.com/tokyo/A1308/A130801/13291292/,https://www.google.com/maps/place/?q=place_id:ChIJSbqEHPqLGGARNH1hsv6sBRE,Closed,Mon-Sun closed
Kiyama,https://tabelog.com/kyoto/A2601/A260202/26029017/,https://www.google.com/maps/place/?q=place_id:ChIJq6o6XIgIAWARXiYCduy8dZc,Closed,Mon-Sun closed
Sushi Meino,https://tabelog.com/tokyo/A1307/A130702/13292357/,https://www.google.com/maps/place/?q=place_id:ChIJB22EXQCLGGARnhla2c8JXmo,Closed,Mon-Sun closed
LA CASA DI Tetsuo Ota,https://tabelog.com/nagano/A2003/A200301/20023219/,https://www.google.com/maps/place/?q=place_id:ChIJoUkmUk0tHGARiqYTr9RbNHQ,Closed,Mon-Sun closed
Ryoriya Uemura,https://tabelog.com/hyogo/A2801/A280101/28006093/,https://www.google.com/maps/place/?q=place_id:ChIJbeNWs-aOAGARxlzRwzOBJ-E,Closed,Mon-Sun closed
Kitajima,https://tabelog.com/kanagawa/A1404/A140402/14083457/,https://www.google.com/maps/place/?q=place_id:ChIJHzapNvFFGGARdlqoiaHrqGU,Closed,Mon-Sun closed
katecuore,https://tabelog.com/saga/A4102/A410202/41006295/,https://www.google.com/maps/place/?q=place_id:ChIJU9S5iROEajURW8jD4LLFrRU,Closed,Mon-Sun closed
Toku Hamotonari,https://tabelog.com/kyoto/A2601/A260503/26040349/,https://www.google.com/maps/place/?q=place_id:ChIJf1lJxD8JAWARmdAp62rTios,Closed,Mon-Sun closed
HAGI,https://tabelog.com/fukushima/A0704/A070401/7008647/,https://www.google.com/maps/place/?q=place_id:ChIJC3-zcz8QIWARfeqxFVwBx64,Closed,Mon-Sun closed
f,https://tabelog.com/akita/A0501/A050101/5009499/,https://www.google.com/maps/place/?q=place_id:ChIJ____j-nCj18Razv2uK6QpDY,Closed,Mon-Sun closed
OHKUSA,https://tabelog.com/tokyo/A1309/A130903/13240980/,https://www.google.com/maps/place/?q=place_id:ChIJQXefJZuNGGARlxqncIwOqQg,Closed,Mon-Sun closed
Numata,https://tabelog.com/osaka/A2701/A270101/27119864/,https://www.google.com/maps/place/?q=place_id:ChIJwfy2vUvnAGAR73iGlL_yQkI,Closed,Mon-Sun closed
TSUSHIMI,https://tabelog.com/yamanashi/A1902/A190202/19012518/,https://www.google.com/maps/place/?q=place_id:ChIJaUIDnWH3G2AROQ22I3-28Io,Closed,Mon-Sun closed
Kagurazaka Ishikawa,https://tabelog.com/tokyo/A1309/A130905/13004079/,https://www.google.com/maps/place/?q=place_id:ChIJa0WEW1qMGGARPztXG-uvYjI,Closed,Mon-Sun closed
SUGALABO,https://tabelog.com/tokyo/A1307/A130704/13182678/,https://www.google.com/maps/place/?q=place_id:ChIJtXQICpeLGGARrUGvj9QWWno,Closed,Mon-Sun closed
Chinese Sai guu,https://tabelog.com/kyoto/A2601/A260202/26038550/,https://www.google.com/maps/place/?q=place_id:ChIJxdqzZsUJAWARwJ2Q9slRXKs,Closed,Mon-Sun closed
Toshi,https://tabelog.com/tokyo/A1307/A130701/13225413/,https://www.google.com/maps/place/?q=place_id:ChIJxa6QoSaLGGAR2JDzLlNYX4c,Closed,Mon-Sun closed
Kabuto,https://tabelog.com/tokyo/A1305/A130501/13016660/,https://www.google.com/maps/place/?q=place_id:ChIJizEoVl6NGGAR2hZeOrG5pDE,Closed,Mon-Sun closed
Yoichi SAGRA,https://tabelog.com/hokkaido/A0106/A010602/1057186/,https://www.google.com/maps/place/?q=place_id:ChIJ_xpa6QjmCl8RuKZeLZuJzsQ,Closed,Mon-Sun closed
Sushi Obana,https://tabelog.com/gunma/A1002/A100204/10002097/,https://www.google.com/maps/place/?q=place_id:ChIJxaPKiQUwH2ARKq5OoeKuJuI,Closed,Mon-Sun closed
Oryori Matsuyama,https://tabelog.com/fukuoka/A4004/A400404/40028665/,https://www.google.com/maps/place/?q=place_id:ChIJvW7Wr-7IQzURFPcLL3dODQE,Closed,Mon-Sun closed
Kitagawa,https://tabelog.com/tokyo/A1301/A130101/13275790/,https://www.google.com/maps/place/?q=place_id:ChIJv1ZzHuWLGGAR80F7_9EUMCU,Closed,Mon-Sun closed
AKAI,https://tabelog.com/hiroshima/A3402/A340205/34025803/,https://www.google.com/maps/place/?q=place_id:ChIJnZSdPBq3WjUR1KOKaxyIhG0,Closed,Mon-Sun closed
Japanese cuisine Beppu Hirokado,https://tabelog.com/oita/A4402/A440202/44012162/,https://www.google.com/maps/place/?q=place_id:ChIJ9ZGgd_-nRjURdpqSWTIoO7I,Closed,Mon-Sun closed
Torisho Ishii,https://tabelog.com/osaka/A2701/A270103/27117938/,https://www.google.com/maps/place/?q=place_id:ChIJWX0dhV_mAGAR63OlmHS4Kao,Closed,Mon-Sun closed
Sushi Dokoro Hisada,https://tabelog.com/okayama/A3301/A330104/33000059/,https://www.google.com/maps/place/?q=place_id:ChIJHx8fJOcTVDURqT-_dXFpPfE,Closed,Mon-Sun closed
Sushi Sho Nomura,https://tabelog.com/kagoshima/A4601/A460101/46000087/,https://www.google.com/maps/place/?q=place_id:ChIJQ-p15q9hPjURz7w1X1AHfyA,Closed,Mon-Sun closed
Kurosaki,https://tabelog.com/tokyo/A1306/A130602/13268824/,https://www.google.com/maps/place/?q=place_id:ChIJZeKfy5qLGGARQQalEwKOSqs,Closed,Mon-Sun closed
Kahala,https://tabelog.com/osaka/A2701/A270101/27000188/,https://www.google.com/maps/place/?q=place_id:ChIJJ2c3rRHnAGARy4Y2SErhQZI,Closed,Mon-Sun closed
Kyotenjin Noguchi,https://tabelog.com/kyoto/A2601/A260501/26018304/,https://www.google.com/maps/place/?q=place_id:ChIJ92aNmOoHAWARSeVRcSkzqe0,Closed,Mon-Sun closed
Komatsu Yasuke,https://tabelog.com/ishikawa/A1701/A170101/17010524/,https://www.google.com/maps/place/?q=place_id:ChIJqYx5eGkz-F8Rw9AIvyBwGs8,Closed,Mon-Sun closed
Hasegawa Minoru,https://tabelog.com/tokyo/A1307/A130703/13220575/,https://www.google.com/maps/place/?q=place_id:ChIJu8cv0HKLGGARLNR73-8xerQ,Closed,Mon-Sun closed
pesceco,https://tabelog.com/nagasaki/A4203/A420302/42008914/,https://www.google.com/maps/place/?q=place_id:ChIJzZHzVRNsQDURkr9gJRKKU6s,Closed,Mon-Sun closed
Aji Hiro,https://tabelog.com/tokyo/A1313/A131301/13293039/,https://www.google.com/maps/place/?q=place_id:ChIJEeMnHwCJGGAR3jmt49Jr7MI,Closed,Mon-Sun closed
RESTAURANT UOZEN,https://tabelog.com/niigata/A1501/A150102/15015200/,https://www.google.com/maps/place/?q=place_id:ChIJO3ZT-RHi9F8RwnQlzxaIY3o,Closed,Mon-Sun closed
villa del nido,https://tabelog.com/nagasaki/A4203/A420301/42009254/,https://www.google.com/maps/place/?q=place_id:ChIJb4anndNqQDURMBP6uen-gOA,Closed,Mon-Sun closed
il AOYAMA,https://tabelog.com/aichi/A2301/A230104/23087381/,https://www.google.com/maps/place/?q=place_id:ChIJ2wB3Nt9wA2ARUW3wo_TzrUI,Closed,Mon-Sun closed
Aji Yuki,https://tabelog.com/tokyo/A1313/A131301/13277529/,https://www.google.com/maps/place/?q=place_id:ChIJ4yKuk4iJGGARUJ5KWvjEoC4,Closed,Mon-Sun closed
Nara Nicon,https://tabelog.com/nara/A2901/A290101/29010206/,https://www.google.com/maps/place/?q=place_id:ChIJoyQxNIc5AWARsCgMgZt4ljQ,Closed,Mon-Sun closed
Sushi Oohata,https://tabelog.com/osaka/A2701/A270101/27057420/,https://www.google.com/maps/place/?q=place_id:ChIJKcOY4-3mAGAR622xhp0WMVE,Closed,Mon-Sun closed
mikami limited50,https://tabelog.com/osaka/A2701/A270201/27124954/,https://www.google.com/maps/place/?q=place_id:ChIJXSHxK6bnAGARFjZVkiszYXI,Closed,Mon-Sun closed
Myoken Ishihara So Shokusai Ishikura,https://tabelog.com/kagoshima/A4603/A460301/46001299/,https://www.google.com/maps/place/?q=place_id:ChIJV5KssXP9PjURrDrDQvXnGBM,Closed,Mon-Sun closed
Sushi En,https://tabelog.com/okayama/A3301/A330101/33001952/,https://www.google.com/maps/place/?q=place_id:ChIJB-mztDIHVDURHz6V-2t56rE,Closed,Mon-Sun closed
Tout La Joie Ism,https://tabelog.com/aichi/A2301/A230105/23078483/,https://www.google.com/maps/place/?q=place_id:ChIJI0Un10l3A2ARfKNjvgQw4tE,Closed,Mon-Sun closed
Kusunoki Hon Ten,https://tabelog.com/tokyo/A1309/A130902/13223239/,https://www.google.com/maps/place/?q=place_id:ChIJqToQ0uBwA2ARhz4zPWiJwxY,Closed,Mon-Sun closed
Aji Arai,https://tabelog.com/oita/A4404/A440401/44006115/,https://www.google.com/maps/place/?q=place_id:ChIJRQPgjwn6QzURQABdUYJxwcU,Closed,Mon-Sun closed
Sakana Ryouri Nawa Ya,https://tabelog.com/kyoto/A2609/A260903/26015836/,https://www.google.com/maps/place/?q=place_id:ChIJc--bdWGk_18RPfSwoO2FRaQ,Closed,Mon-Sun closed
TOM Curiosa,https://tabelog.com/osaka/A2701/A270101/27135015/,https://www.google.com/maps/place/?q=place_id:ChIJkZOi1-3mAGARqlNsjGMWGQU,Closed,Mon-Sun closed
Takajo Kotobuki,https://tabelog.com/tokyo/A1311/A131102/13003661/,https://maps.google.com/?cid=774972903970112696&g_mp=CiVnb29nbGUubWFwcy5wbGFjZXMudjEuUGxhY2VzLkdldFBsYWNlEAIYBCAA,Closed,Mon-Sun closed
WASA,https://tabelog.com/tokyo/A1303/A130302/13251804/,https://www.google.com/maps/place/?q=place_id:ChIJR-5bFsOLGGARPu5SQs5c8Vk,Closed,Mon-Sun closed
Yakiniku Seiryuuen,https://tabelog.com/tokyo/A1313/A131303/13237978/,https://www.google.com/maps/place/?q=place_id:ChIJpS3jZJuJGGARvmVBzzr6Zfs,Closed,Mon-Sun closed
MASHIRO,https://tabelog.com/kyoto/A2601/A260202/26039931/,https://www.google.com/maps/place/?q=place_id:ChIJA22_aq0JAWARDnaisCmDcOQ,Closed,Mon-Sun closed
Nakamura,https://tabelog.com/shizuoka/A2203/A220301/22041228/,https://www.google.com/maps/place/?q=place_id:ChIJYxbL_KNHGmARJk2_ZBARhOk,Closed,Mon-Sun closed
Yo,https://tabelog.com/aomori/A0202/A020201/2012387/,https://www.google.com/maps/place/?q=place_id:ChIJT89wX5QBm18RJA6Y_hY_2V8,Closed,Mon-Sun closed
Fenetre,https://tabelog.com/hokkaido/A0112/A011204/1064822/,https://www.google.com/maps/place/?q=place_id:ChIJIyZ8pbKlbV8RkEksmKTldOo,Closed,Mon-Sun closed
Mikadoya,https://tabelog.com/shimane/A3204/A320402/32000061/,https://www.google.com/maps/place/?q=place_id:ChIJJRsJItclWzURBR9UYhoXQTo,Closed,Mon-Sun closed
enoteca La RICOLMA,https://tabelog.com/hokkaido/A0105/A010501/1002207/,https://www.google.com/maps/place/?q=place_id:ChIJmcMgvj30nl8R75J9BbDE08I,Closed,Mon-Sun closed
Sakuragi,https://tabelog.com/tokyo/A1313/A131301/13275135/,https://maps.google.com/?cid=10280780495013115563&g_mp=CiVnb29nbGUubWFwcy5wbGFjZXMudjEuUGxhY2VzLkdldFBsYWNlEAIYBCAA,Closed,Mon-Sun closed
Kasahara,https://tabelog.com/tokyo/A1309/A130905/13266251/,https://www.google.com/maps/place/?q=place_id:ChIJy7NdGCyNGGAR1HM38-PteTw,Closed,Mon-Sun closed
Shinya Yakiniku Daichan,https://tabelog.com/kyoto/A2601/A260201/26039693/,https://www.google.com/maps/place/?q=place_id:ChIJD6a1SVwJAWAREs6BhqMVJHQ,Closed,Mon-Sun closed
Tsunokamizaka Koshiba,https://tabelog.com/tokyo/A1309/A130903/13200286/,https://www.google.com/maps/place/?q=place_id:ChIJzyKmyvOMGGARr1iop6HMadU,Closed,Mon-Sun closed
Wayoshusai Hide,https://tabelog.com/osaka/A2701/A270201/27013057/,https://www.google.com/maps/place/?q=place_id:ChIJZVWdsnDnAGARnuw9OGRdNUk,Closed,Mon-Sun closed
Tenpaku,https://tabelog.com/chiba/A1201/A120101/12037698/,https://www.google.com/maps/place/?q=place_id:ChIJ73HBP8uEImARBKP3bl0Jd3o,Closed,Mon-Sun closed
Hamaguri Zaka Maekawa,https://tabelog.com/ishikawa/A1701/A170101/17012585/,https://www.google.com/maps/place/?q=place_id:ChIJHfjU0gE1-F8RUS1I75MbdV0,Closed,Mon-Sun closed
Yakitori Kohane,https://tabelog.com/shizuoka/A2202/A220201/22040511/,https://www.google.com/maps/place/?q=place_id:ChIJzQyZuqPfGmAROQBFtckSHYA,Closed,Mon-Sun closed
Kojitsu,https://tabelog.com/aichi/A2301/A230110/23085579/,https://www.google.com/maps/place/?q=place_id:ChIJAUwMMWtxA2ARb7M99pD0vPg,Closed,Mon-Sun closed
Suzuta Shiki,https://tabelog.com/tokyo/A1307/A130701/13293100/,https://www.google.com/maps/place/?q=place_id:ChIJJ7OnwkOLGGARSr1xasdXzZU,Closed,Mon-Sun closed
Kanjou,https://tabelog.com/tokyo/A1307/A130701/13267945/,https://www.google.com/maps/place/?q=place_id:ChIJ4WnYMRCLGGARznWntLe9xEw,Closed,Mon-Sun closed
Matsuishi,https://tabelog.com/miyagi/A0401/A040105/4025539/,https://www.google.com/maps/place/?q=place_id:ChIJ6xoHVjcpil8RrbMqzDB3O4c,Closed,Mon-Sun closed
Ono,https://tabelog.com/osaka/A2701/A270101/27112164/,https://www.google.com/maps/place/?q=place_id:ChIJSVunX8fnAGAR9h-KyDRC1ko,Closed,Mon-Sun closed
commedia,https://tabelog.com/tokyo/A1313/A131303/13276923/,https://www.google.com/maps/place/?q=place_id:ChIJAQDE7gCJGGARspMDyzqQ1_g,Closed,Mon-Sun closed
Bon.nu,https://tabelog.com/tokyo/A1304/A130401/13184186/,https://www.google.com/maps/place/?q=place_id:ChIJAQCMKs2MGGAR6HL5klkCPbc,Closed,Mon-Sun closed
Maison Lafit,https://tabelog.com/fukuoka/A4003/A400301/40023784/,https://www.google.com/maps/place/?q=place_id:ChIJTQJit3SWQTURlw_zlqll_4o,Closed,Mon-Sun closed
Italian Ryori Imai,https://tabelog.com/hyogo/A2803/A280302/28056034/,https://www.google.com/maps/place/?q=place_id:ChIJI_25k3fzAGARByLuH4XUGCU,Closed,Mon-Sun closed
NICON,https://tabelog.com/hiroshima/A3401/A340108/34027314/,https://www.google.com/maps/place/?q=place_id:ChIJGZMR4O2jWjURBS4BwQCaesU,Closed,Mon-Sun closed
Sushi Dokoro Mutsuki,https://tabelog.com/aichi/A2304/A230402/23013911/,https://www.google.com/maps/place/?q=place_id:ChIJYSYiIvGFBGARYI9GOD-X2-0,Closed,Mon-Sun closed
ete,https://tabelog.com/tokyo/A1318/A131811/13249143/,https://www.google.com/maps/place/?q=place_id:ChIJ2XGTaUvzGGAR5Wu30KORhDA,Closed,Mon-Sun closed
Nozawa,https://tabelog.com/aichi/A2301/A230109/23063362/,https://www.google.com/maps/place/?q=place_id:ChIJw1fgWaF6A2ARCzzC_rJv1SY,Closed,Mon-Sun closed
Jinsei,https://tabelog.com/osaka/A2701/A270201/27000411/,https://www.google.com/maps/place/?q=place_id:ChIJo7P8rhbnAGARu7ER8UYRbOo,Closed,Mon-Sun closed
Tempura Araki,https://tabelog.com/hokkaido/A0101/A010103/1048079/,https://www.google.com/maps/place/?q=place_id:ChIJG79FOYYpC18ROd2h5DgUOG0,Closed,Mon-Sun closed
Otaki,https://tabelog.com/kyoto/A2601/A260503/26031202/,https://www.google.com/maps/place/?q=place_id:ChIJAQAAAAUIAWARFIHH0dO_3fc,Closed,Mon-Sun closed
Jigen Do,https://tabelog.com/tokyo/A1308/A130801/13292021/,https://www.google.com/maps/place/?q=place_id:ChIJa6OPdmSNGGARsPFL6drYVoA,Closed,Mon-Sun closed
HATSUNEZUSHI,https://tabelog.com/tokyo/A1315/A131503/13017742/,https://www.google.com/maps/place/?q=place_id:ChIJnV78GENgGGAR_KxpIO0hpgE,Closed,Mon-Sun closed
Sushi Saeki,https://tabelog.com/tokyo/A1301/A130101/13239506/,https://www.google.com/maps/place/?q=place_id:ChIJ73yU4PWLGGARKlv6Jcmtnq4,Closed,Mon-Sun closed
megriva,https://tabelog.com/tokyo/A1317/A131701/13225445/,https://www.google.com/maps/place/?q=place_id:ChIJndC6-1SLGGARntkiuxIxYEs,Closed,Mon-Sun closed
Goichi,https://tabelog.com/osaka/A2701/A270102/27112024/,https://www.google.com/maps/place/?q=place_id:ChIJY0_QwJTmAGARzRjkDLJUoeo,Closed,Mon-Sun closed
Kimoto,https://tabelog.com/tokyo/A1309/A130905/13226856/,https://www.google.com/maps/place/?q=place_id:ChIJFUcx4lqMGGARwtK0H4S5y2o,Closed,Mon-Sun closed
Zaisho,https://tabelog.com/fukuoka/A4001/A400103/40067936/,https://www.google.com/maps/place/?q=place_id:ChIJyxUcIgCRQTURviHp9YgmJSg,Closed,Mon-Sun closed
Mikawa Zezankyo,https://tabelog.com/tokyo/A1313/A131303/13090866/,https://www.google.com/maps/place/?q=place_id:ChIJDQ1nMmuJGGAR1sJizR3pp9A,Closed,Mon-Sun closed
Wagyu Lab K,https://tabelog.com/hiroshima/A3401/A340103/34029605/,https://www.google.com/maps/place/?q=place_id:ChIJnZbVNLeZWjUR-ZBr7RKlstY,Closed,Mon-Sun closed
sushi riku,https://tabelog.com/tokyo/A1307/A130703/13301089/,https://www.google.com/maps/place/?q=place_id:ChIJR59AYwCLGGAR-eSHE67uv7g,Closed,Mon-Sun closed
Mori Fuji,https://tabelog.com/tokyo/A1309/A130905/13240181/,https://www.google.com/maps/place/?q=place_id:ChIJIcqXTnaNGGAR-LIrnd7kNZ8,Closed,Mon-Sun closed
Yoroniku,https://tabelog.com/tokyo/A1306/A130602/13042979/,https://www.google.com/maps/place/?q=place_id:ChIJVVUlOmSLGGARGqkXwDpR7PI,Closed,Mon-Sun closed
Sushi Yoshitake,https://tabelog.com/tokyo/A1301/A130101/13024076/,https://www.google.com/maps/place/?q=place_id:ChIJTV9t7uiLGGARbd7caq1Xh4c,Closed,Mon-Sun closed
Fujisawa,https://tabelog.com/aichi/A2301/A230107/23005527/,https://www.google.com/maps/place/?q=place_id:ChIJTTZKtzRlA2ARvNLEKP_bFSo,Closed,Mon-Sun closed
Bungo Mon Eto,https://tabelog.com/tokyo/A1309/A130905/13268276/,https://www.google.com/maps/place/?q=place_id:ChIJNVxYW96NGGARcDeKVU0b6E0,Closed,Mon-Sun closed
Kaoru HIROO,https://tabelog.com/tokyo/A1307/A130703/13238442/,https://www.google.com/maps/place/?q=place_id:ChIJu8cv0HKLGGARLNR73-8xerQ,Closed,Mon-Sun closed
Shimbashi Shimizu,https://tabelog.com/tokyo/A1301/A130103/13002892/,https://www.google.com/maps/place/?q=place_id:ChIJc7ElyOuLGGARUAng5ghbDr0,Closed,Mon-Sun closed
Kiyota Hanare,https://tabelog.com/tokyo/A1301/A130101/13256392/,https://www.google.com/maps/place/?q=place_id:ChIJOY3wdXeLGGARlWZ79IOHZ70,Closed,Mon-Sun closed
Oryori Ittou,https://tabelog.com/fukui/A1801/A180101/18008141/,https://www.google.com/maps/place/?q=place_id:ChIJ-TmH5b6_-F8RjRoUmyyD3WI,Closed,Mon-Sun closed
Tanryu,https://tabelog.com/hyogo/A2805/A280501/28054576/,https://www.google.com/maps/place/?q=place_id:ChIJs6rLC0fhVDURBGEiopW2uL0,Closed,Mon-Sun closed
Ninomae,https://tabelog.com/hyogo/A2803/A280302/28063007/,https://www.google.com/maps/place/?q=place_id:ChIJr2kdONzzAGARaUD4DWWNd6o,Closed,Mon-Sun closed
Edo Machi Sugimoto,https://tabelog.com/mie/A2402/A240203/24018684/,https://www.google.com/maps/place/?q=place_id:ChIJmdw4oLybA2AR2BESAchN_Ao,Closed,Mon-Sun closed
Tonkatsu Noguchi,https://tabelog.com/osaka/A2701/A270101/27126154/,https://www.google.com/maps/place/?q=place_id:ChIJ79zOdlTnAGARYAz8DSiaxBg,Closed,Mon-Sun closed
Sushi Masuda,https://tabelog.com/tokyo/A1306/A130602/13268503/,https://www.google.com/maps/place/?q=place_id:ChIJ8xCXcGCLGGAReoGDRL6vlHg,Closed,Mon-Sun closed
Sushi Ino,https://tabelog.com/ehime/A3801/A380101/38010409/,https://www.google.com/maps/place/?q=place_id:ChIJ9QEsle7lTzUR0V6SjFUrEd8,Closed,Mon-Sun closed
Murakami,https://tabelog.com/kumamoto/A4301/A430101/43014482/,https://www.google.com/maps/place/?q=place_id:ChIJg9qi1Cf1QDUR6SUHSgc5hNc,Closed,Mon-Sun closed
THE PIZZA BAR ON 38TH,https://tabelog.com/tokyo/A1302/A130202/13167573/,https://www.google.com/maps/place/?q=place_id:ChIJO3rnYlWJGGARzQ2-26l3wOM,Closed,Mon-Sun closed
Sushi Kimura,https://tabelog.com/tokyo/A1317/A131708/13026584/,https://www.google.com/maps/place/?q=place_id:ChIJB0WiWxH0GGARyFyfoyYQi9Q,Closed,Mon-Sun closed
Breston Court Yukawatan,https://tabelog.com/nagano/A2003/A200301/20014528/,https://www.google.com/maps/place/?q=place_id:ChIJB1z0hy_SHWARhUCQDv-5_EA,Closed,Mon-Sun closed
Ryoriya Inaya,https://tabelog.com/osaka/A2701/A270101/27121156/,https://www.google.com/maps/place/?q=place_id:ChIJp-7no3rnAGARcJL9UBckvdw,Closed,Mon-Sun closed
Izumo,https://tabelog.com/aichi/A2301/A230103/23008421/,https://www.google.com/maps/place/?q=place_id:ChIJM6g_GddwA2ARXNMw8NSU7mU,Closed,Mon-Sun closed
Tempura Fukamachi,https://tabelog.com/tokyo/A1302/A130202/13004105/,https://www.google.com/maps/place/?q=place_id:ChIJrXFD_uKLGGARseFHs8I_T38,Closed,Mon-Sun closed
400℃ Pizza,https://tabelog.com/okayama/A3301/A330101/33015797/,https://www.google.com/maps/place/?q=place_id:ChIJY52_1NcHVDUR2F17CDlLlb8,Closed,Mon-Sun closed
quinto,https://tabelog.com/tokyo/A1317/A131701/13285235/,https://www.google.com/maps/place/?q=place_id:ChIJ79HV5Q_1GGAR1JhA4O2em6s,Closed,Mon-Sun closed
Tori Aroma,https://tabelog.com/tokyo/A1310/A131003/13280797/,https://www.google.com/maps/place/?q=place_id:ChIJfd3hiJKNGGARa_8XG-weiv0,Closed,Mon-Sun closed
Sano Sushi,https://tabelog.com/tokyo/A1314/A131401/13290845/,https://www.google.com/maps/place/?q=place_id:ChIJU-KOB-iLGGAR7QolPPFGq94,Closed,Mon-Sun closed
Sushi Ao,https://tabelog.com/tokyo/A1306/A130602/13246982/,https://www.google.com/maps/place/?q=place_id:ChIJq5e1mMiNGGARgDzfYFo9KTw,Closed,Mon-Sun closed
Hoch,https://tabelog.com/osaka/A2701/A270103/27135839/,https://www.google.com/maps/place/?q=place_id:ChIJMTwFfeXnAGARS9Z74IjwAnM,Closed,Mon-Sun closed
Villa Aida,https://tabelog.com/wakayama/A3001/A300102/30000104/,https://www.google.com/maps/place/?q=place_id:ChIJFUuB5U81B2ARkTWAg-CCMt4,Closed,Mon-Sun closed
JIMGU,https://tabelog.com/oita/A4402/A440201/44013469/,https://www.google.com/maps/place/?q=place_id:ChIJ57C4OQCtRjURphRef6lfQgU,Closed,Mon-Sun closed
Imoto,https://tabelog.com/fukuoka/A4001/A400104/40040809/,https://www.google.com/maps/place/?q=place_id:ChIJkdnj5X6RQTURkYWf0VBi_zQ,Closed,Mon-Sun closed
Kashiwaya Osaka Senriyama,https://tabelog.com/osaka/A2706/A270602/27001141/,https://www.google.com/maps/place/?q=place_id:ChIJqfvZeunkAGAR_NKRUEtRPXE,Closed,Mon-Sun closed
Regional cuisine Tsugumi,https://tabelog.com/fukuoka/A4001/A400103/40054472/,https://www.google.com/maps/place/?q=place_id:ChIJqxuv1oaRQTURMlw9mP7O_3E,Closed,Mon-Sun closed
Inbosuko Jingumae,https://tabelog.com/tokyo/A1306/A130601/13272681/,https://www.google.com/maps/place/?q=place_id:ChIJVfSaca6NGGARwNtjfNuAIDA,Closed,Mon-Sun closed
Sushi Taira,https://tabelog.com/tokyo/A1307/A130702/13271063/,https://www.google.com/maps/place/?q=place_id:ChIJ31GxQhCLGGARnMCCACcB6P4,Closed,Mon-Sun closed
Mitsuki,https://tabelog.com/tottori/A3101/A310101/31004889/,https://www.google.com/maps/place/?q=place_id:ChIJkwTr-emPVTURPy1Tw3kPbKk,Closed,Mon-Sun closed
Shinoda,https://tabelog.com/ehime/A3802/A380201/38006443/,https://www.google.com/maps/place/?q=place_id:ChIJ-1nTB2c6UDURdB4niDQ6JeY,Closed,Mon-Sun closed
Suyama,https://tabelog.com/hokkaido/A0101/A010104/1060884/,https://www.google.com/maps/place/?q=place_id:ChIJ2Yw3LoYpC18Rruc9BvhRWmc,Closed,Mon-Sun closed
Sushi Miyuki,https://tabelog.com/tokyo/A1313/A131301/13273113/,https://www.google.com/maps/place/?q=place_id:ChIJlfxTf3yJGGARomHFDpYSkW8,Closed,Mon-Sun closed
Oryori Fujita,https://tabelog.com/hokkaido/A0101/A010105/1060134/,https://www.google.com/maps/place/?q=place_id:ChIJgzArh1kpC18Rn-n7GIKR6hU,Closed,Mon-Sun closed
Lito,https://tabelog.com/aichi/A2301/A230103/23086626/,https://www.google.com/maps/place/?q=place_id:ChIJ1SrZiURxA2ARHvEAius_it8,Closed,Mon-Sun closed
L’Ermita,https://tabelog.com/fukuoka/A4001/A400105/40066716/,https://www.google.com/maps/place/?q=place_id:ChIJU3JERBOiWjUR-CnORbA_TAs,Closed,Mon-Sun closed
Chromoly,https://tabelog.com/miyagi/A0401/A040105/4022461/,https://www.google.com/maps/place/?q=place_id:ChIJmRdsV24oil8RB5d12jJZ6go,Closed,Mon-Sun closed
Shouin Tsurumizu,https://tabelog.com/tokyo/A1317/A131709/13220685/,https://www.google.com/maps/place/?q=place_id:ChIJn9ofJnzzGGARzpKNVZPBd9Q,Closed,Mon-Sun closed
jinen.,https://tabelog.com/tokyo/A1303/A130301/13263230/,https://www.google.com/maps/place/?q=place_id:ChIJI2ngTa-LGGARgphEHFJFzP0,Closed,Mon-Sun closed
L'ETERRE,https://tabelog.com/tokyo/A1309/A130905/13281616/,https://www.google.com/maps/place/?q=place_id:ChIJNeDOvSqNGGARalLZVJq62L4,Closed,Mon-Sun closed
Japan no Italian Ryori Ten sai,https://tabelog.com/aichi/A2301/A230105/23074938/,https://www.google.com/maps/place/?q=place_id:ChIJDXgaAe1xA2AR-S3N-BsI05Q,Closed,Mon-Sun closed
Funachef,https://tabelog.com/osaka/A2701/A270101/27117389/,https://www.google.com/maps/place/?q=place_id:ChIJUc0D8fznAGARO63anG_yGP8,Closed,Mon-Sun closed
Sushi Fujinaga,https://tabelog.com/tokyo/A1307/A130702/13265370/,https://www.google.com/maps/place/?q=place_id:ChIJM6GD1aGLGGARDwdlBjsl_Rg,Closed,Mon-Sun closed
Tempura Sakurabito,https://tabelog.com/hyogo/A2803/A280302/28064476/,https://www.google.com/maps/place/?q=place_id:ChIJ48Ua-vTzAGAReFuqOYQPWZk,Closed,Mon-Sun closed
IL GARAGE,https://tabelog.com/kyoto/A2601/A260202/26031986/,https://www.google.com/maps/place/?q=place_id:ChIJNfHrQUYJAWARPWwA2OX1Z8w,Closed,Mon-Sun closed
Gatagata Ya,https://tabelog.com/kanagawa/A1405/A140505/14012400/,https://www.google.com/maps/place/?q=place_id:ChIJVbkwuSP0GGARKLvKEUN8y_w,Closed,Mon-Sun closed
ura matsu,https://tabelog.com/tokyo/A1307/A130703/13297307/,https://maps.google.com/?cid=14527077910600843222&g_mp=CiVnb29nbGUubWFwcy5wbGFjZXMudjEuUGxhY2VzLkdldFBsYWNlEAIYBCAA,Closed,Mon-Sun closed
Nikawa,https://tabelog.com/mie/A2403/A240301/24019007/,https://www.google.com/maps/place/?q=place_id:ChIJrWJiR_RaBGART60uy7yFPyo,Closed,Mon-Sun closed
Tempura Koizumi,https://tabelog.com/ishikawa/A1701/A170101/17009514/,https://www.google.com/maps/place/?q=place_id:ChIJ5fwJoH40-F8RSf-888-8VDY,Closed,Mon-Sun closed
Ogitani,https://tabelog.com/hyogo/A2803/A280304/28064317/,https://www.google.com/maps/place/?q=place_id:ChIJgYODCNDxAGARKP3ZD89xcA0,Closed,Mon-Sun closed
middle,https://tabelog.com/kyoto/A2601/A260503/26037720/,https://www.google.com/maps/place/?q=place_id:ChIJBXKmrFsJAWAROKB_TpdAvnA,Closed,Mon-Sun closed
La Cime,https://tabelog.com/osaka/A2701/A270106/27049485/,https://www.google.com/maps/place/?q=place_id:ChIJJQbuz-HmAGARlT3utlf3bPA,Closed,Mon-Sun closed
Sushi Yuu,https://tabelog.com/tokyo/A1301/A130101/13291436/,https://www.google.com/maps/place/?q=place_id:ChIJ7TODm4KLGGARm0boxW3WHs0,Closed,Mon-Sun closed
SEN,https://tabelog.com/kyoto/A2601/A260201/26030495/,https://www.google.com/maps/place/?q=place_id:ChIJsWL3YnoJAWARCGW2cPIuqMM,Closed,Mon-Sun closed
Guchoku Ni,https://tabelog.com/tokyo/A1309/A130905/13251541/,https://www.google.com/maps/place/?q=place_id:ChIJfWmTv_2NGGARObiNI3xIl1I,Closed,Mon-Sun closed
Kosuda,https://tabelog.com/osaka/A2701/A270103/27127044/,https://www.google.com/maps/place/?q=place_id:ChIJC6bu68_nAGAR1xvv0PK3rNI,Closed,Mon-Sun closed
Ishii Jr.,https://tabelog.com/osaka/A2701/A270103/27117939/,https://www.google.com/maps/place/?q=place_id:ChIJgaupnePnAGARiN2N7pKHS2A,Closed,Mon-Sun closed
Japanese cuisine Takamitsu,https://tabelog.com/aichi/A2301/A230104/23086899/,https://www.google.com/maps/place/?q=place_id:ChIJnaAq6hBxA2AR4dfgjnLa330,Closed,Mon-Sun closed
Restaurant  5,https://tabelog.com/saga/A4101/A410101/41006723/,https://www.google.com/maps/place/?q=place_id:ChIJS27vQF_LQTURDWgjBpZ5Zbk,Closed,Mon-Sun closed
le sorcier,https://tabelog.com/yamaguchi/A3505/A350501/35009481/,https://www.google.com/maps/place/?q=place_id:ChIJTbEOPYfnRDURcKfycU0juwo,Closed,Mon-Sun closed
Cerca Trova,https://tabelog.com/miyazaki/A4505/A450501/45003573/,https://www.google.com/maps/place/?q=place_id:ChIJAQB9TE0ZRzURgavwi6DTsHs,Closed,Mon-Sun closed
Matsu Sushi,https://tabelog.com/osaka/A2701/A270203/27015415/,https://www.google.com/maps/place/?q=place_id:ChIJI-26Z8bdAGAREMvSsswsjkc,Closed,Mon-Sun closed
Sushi Takahashi,https://tabelog.com/tokyo/A1301/A130101/13165933/,https://www.google.com/maps/place/?q=place_id:ChIJM9HrZOGLGGARJLJwBaZjJ6c,Closed,Mon-Sun closed
Roan Matsuda Sasayama Ten,https://tabelog.com/hyogo/A2807/A280702/28000070/,https://www.google.com/maps/place/?q=place_id:ChIJbVXWOs8UAGAR4sjWfZTqBj4,Closed,Mon-Sun closed
Sushi Ito,https://tabelog.com/fukushima/A0704/A070401/7000924/,https://www.google.com/maps/place/?q=place_id:ChIJ-bMKyPkQIWARZECzHcGGB1Q,Closed,Mon-Sun closed
Goh,https://tabelog.com/fukuoka/A4001/A400103/40062839/,https://www.google.com/maps/place/?q=place_id:ChIJKXGg37-RQTUR2lzuuBp1XVk,Closed,Mon-Sun closed
Sumisho Mikuriya,https://tabelog.com/osaka/A2701/A270103/27106249/,https://www.google.com/maps/place/?q=place_id:ChIJpXbHD2fnAGAR7wsoGsNjxeA,Closed,Mon-Sun closed
Sushi Oku,https://tabelog.com/tokyo/A1311/A131102/13257709/,https://www.google.com/maps/place/?q=place_id:ChIJwbn3eVKPGGARm29oMa6ZjeI,Closed,Mon-Sun closed
Ishimaru,https://tabelog.com/saitama/A1101/A110101/11054495/,https://www.google.com/maps/place/?q=place_id:ChIJkRB9bFvBGGAR3L1J9oyp9Xk,Closed,Mon-Sun closed
Nonna Nietta,https://tabelog.com/ibaraki/A0802/A080201/8025192/,https://www.google.com/maps/place/?q=place_id:ChIJ70kP21gNImAR1ckZrf6hiB0,Closed,Mon-Sun closed
Fiocchi,https://tabelog.com/tokyo/A1318/A131814/13003427/,https://www.google.com/maps/place/?q=place_id:ChIJD6SoBWHxGGARTFjrzh_mNUQ,Closed,Mon-Sun closed
restaurant takatsu,https://tabelog.com/yamaguchi/A3502/A350201/35010129/,https://www.google.com/maps/place/?q=place_id:ChIJV12NWLy9QzUR3ckglpfy-6M,Closed,Mon-Sun closed
Bar Rocking chair,https://tabelog.com/kyoto/A2601/A260201/26007698/,https://www.google.com/maps/place/?q=place_id:ChIJq-7HB74IAWARd3WH2Xs6saI,Closed,Mon-Sun closed
Sushi Kawanaka,https://tabelog.com/ehime/A3801/A380101/38013098/,https://www.google.com/maps/place/?q=place_id:ChIJW1OT297lTzURL4_QUi1C2nE,Closed,Mon-Sun closed
Ginza Inaba,https://tabelog.com/tokyo/A1301/A130101/13259495/,https://www.google.com/maps/place/?q=place_id:ChIJ28VJ6RiLGGARGZqMx9Z8Ugc,Closed,Mon-Sun closed
EN FACE,https://tabelog.com/tokyo/A1302/A130204/13238193/,https://www.google.com/maps/place/?q=place_id:ChIJgZy7tReJGGARuNeWTz4wr94,Closed,Mon-Sun closed
Sakou,https://tabelog.com/tokyo/A1308/A130801/13118721/,https://www.google.com/maps/place/?q=place_id:ChIJ6z9fnYCLGGARnlOY7WJ7OTU,Closed,Mon-Sun closed
4000 Chinese Restaurant,https://tabelog.com/tokyo/A1307/A130703/13229559/,https://www.google.com/maps/place/?q=place_id:ChIJE73gHM-LGGAR8lrzu5vYTM0,Closed,Mon-Sun closed
INACASA,https://tabelog.com/kanagawa/A1401/A140212/14070150/,https://www.google.com/maps/place/?q=place_id:ChIJGxr4JjxcGGARmID1Ms3sh7A,Closed,Mon-Sun closed
Sushi Kai,https://tabelog.com/hokkaido/A0101/A010105/1073555/,https://www.google.com/maps/place/?q=place_id:ChIJTQdKdcwpC18RViW9zm3qN8w,Closed,Mon-Sun closed
Kotowari o Hakaru Mise Bando,https://tabelog.com/aichi/A2301/A230106/23062836/,https://www.google.com/maps/place/?q=place_id:ChIJNayf2xRxA2ARdQ7-5ctFK3I,Closed,Mon-Sun closed
Syn,https://tabelog.com/fukuoka/A4001/A400105/40064406/,https://maps.google.com/?cid=12804586931354951400&g_mp=CiVnb29nbGUubWFwcy5wbGFjZXMudjEuUGxhY2VzLkdldFBsYWNlEAIYBCAA,Closed,Mon-Sun closed
Shizen Muku An,https://tabelog.com/wakayama/A3004/A300402/30008100/,https://www.google.com/maps/place/?q=place_id:ChIJVZt_iDEJB2ARKLgglKQw7Qc,Closed,Mon-Sun closed
CAINOYA,https://tabelog.com/kyoto/A2601/A260402/26040164/,https://www.google.com/maps/place/?q=place_id:ChIJCZ4QFIYHAWARxdH_nTQ680Y,Closed,Mon-Sun closed
Azabu Muroi,https://tabelog.com/tokyo/A1301/A130101/13292026/,https://maps.google.com/?cid=459174977487708841&g_mp=CiVnb29nbGUubWFwcy5wbGFjZXMudjEuUGxhY2VzLkdldFBsYWNlEAIYBCAA,Closed,Mon-Sun closed
Sushi Michi Sakurada,https://tabelog.com/aichi/A2301/A230103/23089705/,https://www.google.com/maps/place/?q=place_id:ChIJyZYYhxRxA2ARgRg-bVr5rD4,Closed,Mon-Sun closed
Mitaka,https://tabelog.com/tokyo/A1301/A130103/13228116/,https://www.google.com/maps/place/?q=place_id:ChIJ5d7mW-yLGGARiCOIek8Dmns,Closed,Mon-Sun closed
Cignale ENOTECA,https://tabelog.com/tokyo/A1318/A131801/13189915/,https://www.google.com/maps/place/?q=place_id:ChIJr364g8vzGGARJ5gxapNBMv8,Closed,Mon-Sun closed
Sushi Sho,https://tabelog.com/aichi/A2301/A230102/23073726/,https://www.google.com/maps/place/?q=place_id:ChIJn76c_9BwA2ARdJ8IjhEHJuc,Closed,Mon-Sun closed
Joe'skitchen,https://tabelog.com/aichi/A2301/A230103/23000564/,https://www.google.com/maps/place/?q=place_id:ChIJs-LxGitxA2ARWD-QRmM_93M,Closed,Mon-Sun closed
hectopascal,https://tabelog.com/kanagawa/A1401/A140303/14085676/,https://www.google.com/maps/place/?q=place_id:ChIJ-VATVSlZGGARVzbQp088Keg,Closed,Mon-Sun closed
Kin Mugi,https://tabelog.com/tokyo/A1316/A131602/13005477/,https://www.google.com/maps/place/?q=place_id:ChIJyUXZrIaNGGARF7gdiZWfqLQ,Closed,Mon-Sun closed
Ikki,https://tabelog.com/kyoto/A2601/A260301/26023422/,https://www.google.com/maps/place/?q=place_id:ChIJdbfGXsQIAWARlWZ4o7uWzLo,Closed,Mon-Sun closed
Sushi Osamu,https://tabelog.com/fukuoka/A4001/A400202/40000001/,https://www.google.com/maps/place/?q=place_id:ChIJE_5I4FORQTURFz2N-bJ7X48,Closed,Mon-Sun closed
Tempura Kusunoki,https://tabelog.com/aichi/A2301/A230101/23082892/,https://www.google.com/maps/place/?q=place_id:ChIJ5SQ6XB9xA2ARB60oCzVsx2E,Closed,Mon-Sun closed
Unagi no Matsu Ka,https://tabelog.com/nagano/A2002/A200201/20000103/,https://www.google.com/maps/place/?q=place_id:ChIJm9ClepIOHWARGVy6N__Jcwc,Closed,Mon-Sun closed
WAJO,https://tabelog.com/tokyo/A1303/A130303/13254957/,https://www.google.com/maps/place/?q=place_id:ChIJd345966LGGARPQP5CtZ9F9w,Closed,Mon-Sun closed
Yonemasu,https://tabelog.com/osaka/A2701/A270108/27095726/,https://www.google.com/maps/place/?q=place_id:ChIJAQPoMWDmAGARdnG-pSslVQM,Closed,Mon-Sun closed
Sushi Shinpaku,https://tabelog.com/tokyo/A1303/A130302/13239713/,https://www.google.com/maps/place/?q=place_id:ChIJp4WjBw6LGGARvFDGTfc7D2o,Closed,Mon-Sun closed
Restaurant Kawasaki,https://tabelog.com/shizuoka/A2201/A220101/22027901/,https://www.google.com/maps/place/?q=place_id:ChIJY46XnvVJGmAR72jkrIDcW0E,Closed,Mon-Sun closed
Sushi Imamura,https://tabelog.com/tokyo/A1316/A131602/13247741/,https://www.google.com/maps/place/?q=place_id:ChIJA-wxHk6LGGARHFyTpURFiZs,Closed,Mon-Sun closed
CHIKAMINE,https://tabelog.com/tokyo/A1303/A130301/13280028/,https://www.google.com/maps/place/?q=place_id:ChIJj5L1lkyLGGARXok92jieU-c,Closed,Mon-Sun closed
Kioicho Mitani,https://tabelog.com/tokyo/A1308/A130801/13198197/,https://www.google.com/maps/place/?q=place_id:ChIJ4Z9j7XuMGGARlbN_cRp2lLI,Closed,Mon-Sun closed
Japanese cuisine Nao,https://tabelog.com/aichi/A2301/A230101/23072816/,https://www.google.com/maps/place/?q=place_id:ChIJBajTenx3A2ARb72GZzFaC5I,Closed,Mon-Sun closed
Yakitori Uno,https://tabelog.com/tokyo/A1317/A131711/13130757/,https://www.google.com/maps/place/?q=place_id:ChIJpzxLtCL1GGARh6WRezjNk58,Closed,Mon-Sun closed
ASSEMBLAGES KAKIMOTO,https://tabelog.com/kyoto/A2601/A260202/26027283/,https://www.google.com/maps/place/?q=place_id:ChIJ0TCu3YsIAWARN_IBXjcCEZU,Closed,Mon-Sun closed
TOMONO,https://tabelog.com/osaka/A2701/A270101/27121125/,https://www.google.com/maps/place/?q=place_id:ChIJbXkKnbnnAGARBSEtlHSqE5Y,Closed,Mon-Sun closed
Yoshizawa,https://tabelog.com/tokyo/A1307/A130701/13226102/,https://www.google.com/maps/place/?q=place_id:ChIJS1tA_WuLGGARFkFAmYgS3nw,Closed,Mon-Sun closed
SINAE,https://tabelog.com/osaka/A2701/A270102/27132172/,https://www.google.com/maps/place/?q=place_id:ChIJjzzNY2TnAGARUgkc6rfI2f8,Closed,Mon-Sun closed
Tempura Ando,https://tabelog.com/osaka/A2701/A270202/27123561/,https://www.google.com/maps/place/?q=place_id:ChIJwyXoPP3nAGARRjstfWs2xwk,Closed,Mon-Sun closed
Fierte,https://tabelog.com/kanagawa/A1404/A140402/14076020/,https://www.google.com/maps/place/?q=place_id:ChIJaQaKQY9FGGARWEgH_UL93Z4,Closed,Mon-Sun closed
Sushi shizuku Nishitenma,https://tabelog.com/osaka/A2701/A270102/27130932/,https://www.google.com/maps/place/?q=place_id:ChIJmXeJyNPnAGARYKlwaCoU8uY,Closed,Mon-Sun closed
L'API,https://tabelog.com/ehime/A3801/A380103/38013130/,https://www.google.com/maps/place/?q=place_id:ChIJ6bmYZOnlTzURl7_uXABFaGQ,Closed,Mon-Sun closed
Yamamoto Menzou,https://tabelog.com/kyoto/A2601/A260301/26002504/,https://www.google.com/maps/place/?q=place_id:ChIJAQDFqeYIAWARErPxiBriOF8,Closed,Mon-Sun closed
CHILAN,https://tabelog.com/hiroshima/A3402/A340201/34027524/,https://www.google.com/maps/place/?q=place_id:ChIJJSWm-OW5WjUR-jlK6P6t3XI,Closed,Mon-Sun closed
Kioicho Mitani Bettei,https://tabelog.com/tokyo/A1308/A130801/13262994/,https://www.google.com/maps/place/?q=place_id:ChIJp0d73-WNGGARHzGSUxw6YI8,Closed,Mon-Sun closed
Yoshitomo,https://tabelog.com/shizuoka/A2202/A220201/22040235/,https://www.google.com/maps/place/?q=place_id:ChIJg7GzEgAvG2ARk_-_U0LL198,Closed,Mon-Sun closed
Hicho Kurata,https://tabelog.com/tokyo/A1310/A131002/13281891/,https://maps.google.com/?cid=16942196629126663786&g_mp=CiVnb29nbGUubWFwcy5wbGFjZXMudjEuUGxhY2VzLkdldFBsYWNlEAIYBCAA,Closed,Mon-Sun closed
Hanzou,https://tabelog.com/osaka/A2701/A270201/27034895/,https://www.google.com/maps/place/?q=place_id:ChIJ-4j0H5znAGARzfrT12rz_Zk,Closed,Mon-Sun closed
1022,https://tabelog.com/aichi/A2301/A230101/23084327/,https://www.google.com/maps/place/?q=place_id:ChIJHwL75Zx3A2ARhS9JupILRkw,Closed,Mon-Sun closed
Bia,https://tabelog.com/tokyo/A1307/A130701/13270211/,https://www.google.com/maps/place/?q=place_id:ChIJHU98fXiLGGARE7_ohds-YHs,Closed,Mon-Sun closed
Sushi Gishin,https://tabelog.com/wakayama/A3001/A300101/30004938/,https://www.google.com/maps/place/?q=place_id:ChIJL5RxpOCyAGARBEf7qsBAQI8,Closed,Mon-Sun closed
Rokkan,https://tabelog.com/tokyo/A1313/A131301/13178685/,https://www.google.com/maps/place/?q=place_id:ChIJP4yjD2KJGGARL0QOqZCu2GM,Closed,Mon-Sun closed
Sushi Hayashi,https://tabelog.com/tokyo/A1319/A131904/13238504/,https://www.google.com/maps/place/?q=place_id:ChIJS5gwJXzyGGARR1cYYYsL1rM,Closed,Mon-Sun closed
Oimatsu Miyamoto,https://tabelog.com/osaka/A2701/A270102/27106123/,https://www.google.com/maps/place/?q=place_id:ChIJGZ6gz1znAGARPTKGKqBzDjw,Closed,Mon-Sun closed
Aiuto,https://tabelog.com/ishikawa/A1704/A170401/17008177/,https://www.google.com/maps/place/?q=place_id:ChIJW-RIu1wu8V8RGeNwbBNJFw0,Closed,Mon-Sun closed
Sushi Gosuian,https://tabelog.com/fukuoka/A4001/A400105/40048273/,https://www.google.com/maps/place/?q=place_id:ChIJ6ybelTOSQTURxMlkA6ziXUA,Closed,Mon-Sun closed
Gaho Jin,https://tabelog.com/fukuoka/A4001/A400103/40055175/,https://www.google.com/maps/place/?q=place_id:ChIJiShWTeuRQTURuHO1zkcLEtI,Closed,Mon-Sun closed
Edo Mae Shibahama,https://tabelog.com/tokyo/A1314/A131401/13260165/,https://www.google.com/maps/place/?q=place_id:ChIJqfhWjbeLGGAR7bcMF5RV2Dc,Closed,Mon-Sun closed
Kasumicho Yamagami,https://tabelog.com/tokyo/A1307/A130703/13220317/,https://www.google.com/maps/place/?q=place_id:ChIJn-qMGlGLGGARpRkn686CTY8,Closed,Mon-Sun closed
Katsuya charcoal grill steakhouse,https://tabelog.com/osaka/A2701/A270103/27096785/,https://www.google.com/maps/place/?q=place_id:ChIJS7uS_bjmAGARNe6WQKzFkfo,Closed,Mon-Sun closed
Sushi Otowa,https://tabelog.com/kanagawa/A1401/A140202/14042983/,https://www.google.com/maps/place/?q=place_id:ChIJuyjusgv5GGARbrNMGkbsfac,Closed,Mon-Sun closed
Torisawa 22,https://tabelog.com/tokyo/A1307/A130703/13222625/,https://www.google.com/maps/place/?q=place_id:ChIJKRXuyyyLGGAR1cpX6FOSJzs,Closed,Mon-Sun closed
Nose to Tail,https://tabelog.com/tokyo/A1309/A130905/13265713/,https://www.google.com/maps/place/?q=place_id:ChIJba6xOS2NGGARNgBnqsFmIBQ,Closed,Mon-Sun closed
Hikizan Tashizan,https://tabelog.com/aichi/A2301/A230106/23072041/,https://www.google.com/maps/place/?q=place_id:ChIJMaG-WvFxA2ARbayur79PdjM,Closed,Mon-Sun closed
meli melo,https://tabelog.com/hokkaido/A0101/A010102/1063472/,https://www.google.com/maps/place/?q=place_id:ChIJOYkjw-4pC18RGPau6e-qoMA,Closed,Mon-Sun closed
BOTANI:CURRY,https://tabelog.com/osaka/A2701/A270102/27073555/,https://www.google.com/maps/place/?q=place_id:ChIJ6ynEDOPmAGARgbczU4CIyqo,Closed,Mon-Sun closed
Noguchi Jiro,https://tabelog.com/osaka/A2701/A270101/27129695/,https://maps.google.com/?cid=4703492374499543194&g_mp=CiVnb29nbGUubWFwcy5wbGFjZXMudjEuUGxhY2VzLkdldFBsYWNlEAIYBCAA,Closed,Mon-Sun closed
Crony,https://tabelog.com/tokyo/A1314/A131401/13256097/,https://www.google.com/maps/place/?q=place_id:ChIJz29nSWWLGGARQibtSAIQLP0,Closed,Mon-Sun closed
Sushi Nakagawa,https://tabelog.com/kagawa/A3701/A370101/37000760/,https://www.google.com/maps/place/?q=place_id:ChIJaVhU1ITrUzUReK5mgCn3Mm4,Closed,Mon-Sun closed
Yasuda,https://tabelog.com/osaka/A2701/A270304/27004667/,https://www.google.com/maps/place/?q=place_id:ChIJrXNoQ03hAGARknO3hAipxVw,Closed,Mon-Sun closed
Yakiniku Hiromiya Shinhonten,https://tabelog.com/tokyo/A1309/A130903/13279918/,https://maps.google.com/?cid=5548570229539746185&g_mp=CiVnb29nbGUubWFwcy5wbGFjZXMudjEuUGxhY2VzLkdldFBsYWNlEAIYBCAA,Closed,Mon-Sun closed
Chinese Shindai,https://tabelog.com/tokyo/A1303/A130301/13240037/,https://www.google.com/maps/place/?q=place_id:ChIJvaHtZuqNGGAR43Gvo7cBCIE,Closed,Mon-Sun closed
Beijing Yuzen,https://tabelog.com/tokyo/A1319/A131906/13001102/,https://www.google.com/maps/place/?q=place_id:ChIJK3hdYfftGGAR1NbNQOE7dnE,Closed,Mon-Sun closed
Sumibi Yakitori Morita,https://tabelog.com/osaka/A2701/A270106/27115978/,https://www.google.com/maps/place/?q=place_id:ChIJ1VkzLVTnAGARpFXeakLWNnw,Closed,Mon-Sun closed
CIRPAS,https://tabelog.com/tokyo/A1316/A131602/13278638/,https://www.google.com/maps/place/?q=place_id:ChIJo8s-OqOLGGARArFFWR0r_H0,Closed,Mon-Sun closed
Hama Gen,https://tabelog.com/aichi/A2301/A230108/23000634/,https://www.google.com/maps/place/?q=place_id:ChIJ_S3-Rnx6A2ARuEVTBfCUjsM,Closed,Mon-Sun closed
Imparfait,https://tabelog.com/osaka/A2701/A270106/27104681/,https://www.google.com/maps/place/?q=place_id:ChIJYTvuB1DnAGAR78LRFkwnwdM,Closed,Mon-Sun closed
Sushi Saitou Azabudai,https://tabelog.com/tokyo/A1307/A130701/13295096/,https://www.google.com/maps/place/?q=place_id:ChIJKXvb6tiLGGARV6zHoszUSsw,Closed,Mon-Sun closed
Kurobuta Tonkatsu Hori Ichi,https://tabelog.com/tokyo/A1301/A130103/13258841/,https://www.google.com/maps/place/?q=place_id:ChIJ67afzXWLGGARTNZL3buZTl4,Closed,Mon-Sun closed
Hongshiki Ryori Koki,https://tabelog.com/tokyo/A1308/A130802/13274319/,https://www.google.com/maps/place/?q=place_id:ChIJ01HCL5KLGGAR8RIOsaIwRjU,Closed,Mon-Sun closed
bistrosimba,https://tabelog.com/tokyo/A1313/A131301/13186713/,https://www.google.com/maps/place/?q=place_id:ChIJCXD9zuGLGGARmTFihu5NI9M,Closed,Mon-Sun closed
Kiichi,https://tabelog.com/hyogo/A2803/A280302/28040672/,https://www.google.com/maps/place/?q=place_id:ChIJ94RyBtHyAGARW7ENlQVAsfM,Closed,Mon-Sun closed
Soba Fujioka,https://tabelog.com/nagano/A2001/A200101/20000415/,https://www.google.com/maps/place/?q=place_id:ChIJZf6Xj3Ep9l8R0NIwGtOC1kA,Closed,Mon-Sun closed
一平ちゃん,https://tabelog.com/nara/A2902/A290203/29003583/,https://www.google.com/maps/place/?q=place_id:ChIJVVVO0-0vAWARlrPbcEsmBuo,Closed,Mon-Sun closed
Tenpura Brand Matsuba Kani Matsuyamachi Seiten,https://tabelog.com/osaka/A2701/A270106/27108617/,https://www.google.com/maps/place/?q=place_id:ChIJvxBPB7HnAGARK3Zn4lPd1Zs,Closed,Mon-Sun closed
Yakitori Matsuoka,https://tabelog.com/osaka/A2701/A270205/27134629/,https://www.google.com/maps/place/?q=place_id:ChIJN4FLyKTnAGARJqmrAtIssa4,Closed,Mon-Sun closed
Yakitori Kanda,https://tabelog.com/aichi/A2301/A230109/23066675/,https://www.google.com/maps/place/?q=place_id:ChIJf_IQSwBxA2ARhHdsO_OhuGE,Closed,Mon-Sun closed
Oryori Miyamoto,https://tabelog.com/osaka/A2701/A270103/27068283/,https://www.google.com/maps/place/?q=place_id:ChIJQ77oK9vmAGAROyJA1ELG1wA,Closed,Mon-Sun closed
Yakiniku Sukkyanen,https://tabelog.com/mie/A2402/A240203/24001878/,https://www.google.com/maps/place/?q=place_id:ChIJG3UApMWaA2AR8Ogrj8wdNNk,Closed,Mon-Sun closed
Chinese Muramatsu,https://tabelog.com/shizuoka/A2201/A220101/22039417/,https://www.google.com/maps/place/?q=place_id:ChIJcQqIR2RLGmARo6Tj4ksrcAE,Closed,Mon-Sun closed
FermenCo.,https://tabelog.com/shizuoka/A2205/A220503/22039192/,https://www.google.com/maps/place/?q=place_id:ChIJ7WskG4NZF2ARxojVdkQ_oBA,Closed,Mon-Sun closed
Japanese cuisine Koan,https://tabelog.com/kanagawa/A1404/A140404/14004298/,https://www.google.com/maps/place/?q=place_id:ChIJed4kijROGGARqHhSU8WCg9Y,Closed,Mon-Sun closed
Sanma Kurokoge Shokudo,https://tabelog.com/osaka/A2701/A270103/27122740/,https://www.google.com/maps/place/?q=place_id:ChIJOaD_fDLnAGARUkV2n6gG34c,Closed,Mon-Sun closed
Shinhaku,https://tabelog.com/osaka/A2701/A270101/27122059/,https://maps.google.com/?cid=6231338853835590617&g_mp=CiVnb29nbGUubWFwcy5wbGFjZXMudjEuUGxhY2VzLkdldFBsYWNlEAIYBCAA,Closed,Mon-Sun closed
Unfalo,https://tabelog.com/hyogo/A2803/A280302/28057165/,https://www.google.com/maps/place/?q=place_id:ChIJkV2Q3FjzAGARv9rFWz56elk,Closed,Mon-Sun closed
Sushi Hanakuruma,https://tabelog.com/aichi/A2301/A230101/23082562/,https://www.google.com/maps/place/?q=place_id:ChIJJZBY-kF3A2ARIiV6kpTrWVg,Closed,Mon-Sun closed
Okei Sushi Hongo Ten,https://tabelog.com/aichi/A2301/A230111/23000835/,https://www.google.com/maps/place/?q=place_id:ChIJA_Nki3plA2ARsRIltHzpbOk,Closed,Mon-Sun closed
Kyo Seika,https://tabelog.com/kyoto/A2601/A260301/26006497/,https://www.google.com/maps/place/?q=place_id:ChIJSayBe-gIAWARPztX8M0dF6k,Closed,Mon-Sun closed
Teuchi Udon Masuya,https://tabelog.com/kagawa/A3701/A370101/37005861/,https://www.google.com/maps/place/?q=place_id:ChIJu8pLmqzsUzURST6s5_kVltc,Closed,Mon-Sun closed
LA MARGHERITA,https://tabelog.com/tokyo/A1315/A131503/13193685/,https://www.google.com/maps/place/?q=place_id:ChIJEdAvw4tgGGARuvTXI6hL27I,Closed,Mon-Sun closed
Sushi Hijiri,https://tabelog.com/osaka/A2701/A270108/27124287/,https://www.google.com/maps/place/?q=place_id:ChIJ7ZvE7V3nAGARjLn63s9_L54,Closed,Mon-Sun closed
Kozasa Sushi,https://tabelog.com/tokyo/A1318/A131802/13001397/,https://www.google.com/maps/place/?q=place_id:ChIJbbBtg2jzGGAR13cGyfVAoEI,Closed,Mon-Sun closed
Les gouters,https://tabelog.com/osaka/A2701/A270102/27052440/,https://www.google.com/maps/place/?q=place_id:ChIJxXjjlfvmAGARs4_Np23zUeo,Closed,Mon-Sun closed
Morikawa,https://tabelog.com/tokyo/A1308/A130801/13002772/,https://www.google.com/maps/place/?q=place_id:ChIJ5dqM3H6MGGAR_a-EGk9bO0w,Closed,Mon-Sun closed
Choko Sorae,https://tabelog.com/kagawa/A3701/A370101/37005049/,https://www.google.com/maps/place/?q=place_id:ChIJ5QuyINuSUzUReM5gXzCjbAE,Closed,Mon-Sun closed
Teppan Dining Hoki,https://tabelog.com/hyogo/A2801/A280101/28002967/,https://www.google.com/maps/place/?q=place_id:ChIJuWE6nuSOAGAR87RI8fHE-yc,Closed,Mon-Sun closed
ADI,https://tabelog.com/tokyo/A1317/A131701/13248455/,https://www.google.com/maps/place/?q=place_id:ChIJo0fYFl-LGGAR1XxmAvRbo80,Closed,Mon-Sun closed
Vena,https://tabelog.com/kyoto/A2601/A260202/26028480/,https://www.google.com/maps/place/?q=place_id:ChIJbdO2YIcIAWARhz-h0oecuVE,Closed,Mon-Sun closed
Ginza Ichibun,https://tabelog.com/tokyo/A1301/A130101/13209942/,https://www.google.com/maps/place/?q=place_id:ChIJNTwWB-GLGGARht5-wYPAmkI,Closed,Mon-Sun closed
Oryori Hisamatsu,https://tabelog.com/aichi/A2301/A230113/23058362/,https://www.google.com/maps/place/?q=place_id:ChIJyaWMVZR3A2ARRneh8QKBn2Y,Closed,Mon-Sun closed
Kagizen Yoshifusa Shijo Honten,https://tabelog.com/kyoto/A2601/A260301/26001887/,https://www.google.com/maps/place/?q=place_id:ChIJoeAglcEIAWARsLtms_W0w9Y,Closed,Mon-Sun closed
L'Octave -Hayato KOBAYASHI-,https://tabelog.com/tokyo/A1309/A130901/13186978/,https://www.google.com/maps/place/?q=place_id:ChIJ02olwL6MGGARuo9YSm0tcnE,Closed,Mon-Sun closed
Tapas Molecular Bar,https://tabelog.com/tokyo/A1302/A130202/13020501/,https://www.google.com/maps/place/?q=place_id:ChIJ9fcZgFWJGGARba-URZY-YKw,Closed,Mon-Sun closed
Bengal Tiger,https://tabelog.com/chiba/A1201/A120101/12043752/,https://www.google.com/maps/place/?q=place_id:ChIJVVXZO6OEImARZgKgocFdgRo,Closed,Mon-Sun closed
Sanchokuya Taka,https://tabelog.com/tokyo/A1303/A130301/13008327/,https://www.google.com/maps/place/?q=place_id:ChIJHRV7XKqMGGARj60Kvav-Q7k,Closed,Mon-Sun closed
Kusabira,https://tabelog.com/tokyo/A1307/A130703/13191105/,https://www.google.com/maps/place/?q=place_id:ChIJXbooTXCLGGARSYrOIbrYXyE,Closed,Mon-Sun closed
ATELIER KOHTA Kagurazaka Ten,https://tabelog.com/tokyo/A1309/A130905/13136823/,https://www.google.com/maps/place/?q=place_id:ChIJ368F11aMGGARDZkf1GyuiXA,Closed,Mon-Sun closed
Sumiyaki Unagi Kamo,https://tabelog.com/shizuoka/A2202/A220201/22008615/,https://www.google.com/maps/place/?q=place_id:ChIJ2RpkJzgvG2AR1Y18rGPE9Xg,Closed,Mon-Sun closed
Pan Ya no Donsuke,https://tabelog.com/tokyo/A1304/A130401/13020179/,https://www.google.com/maps/place/?q=place_id:ChIJZbuT0t-MGGARS_bn7dGku_Q,Closed,Mon-Sun closed
Oudon Setobare,https://tabelog.com/kagawa/A3701/A370101/37012417/,https://www.google.com/maps/place/?q=place_id:ChIJi_af1nKVUzURqL9SommS5yI,Closed,Mon-Sun closed
Sushi Taichi,https://tabelog.com/tokyo/A1301/A130101/13060788/,https://www.google.com/maps/place/?q=place_id:ChIJFYitIsaLGGARoc_a_tYb3U4,Closed,Mon-Sun closed
Chinese Sai KHAOS,https://tabelog.com/fukuoka/A4001/A400203/40050509/,https://www.google.com/maps/place/?q=place_id:ChIJM2VlBr2TQTURzeOnzWr1mvE,Closed,Mon-Sun closed
Plaisir,https://tabelog.com/tokyo/A1317/A131706/13045491/,https://www.google.com/maps/place/?q=place_id:ChIJITHJrmbzGGART2Ajbm9u9_U,Closed,Mon-Sun closed
SIGNATURE,https://tabelog.com/tokyo/A1302/A130202/13020360/,https://www.google.com/maps/place/?q=place_id:ChIJ9fcZgFWJGGARUY_LcB45_JA,Closed,Mon-Sun closed
Tori Cho,https://tabelog.com/tokyo/A1321/A132102/13058892/,https://www.google.com/maps/place/?q=place_id:ChIJrZ5BxgztGGARE9a_G8peFHk,Closed,Mon-Sun closed
RUE DE PASSY,https://tabelog.com/tokyo/A1317/A131702/13005155/,https://www.google.com/maps/place/?q=place_id:ChIJ23_3L8n0GGARK9SUHwoVDkI,Closed,Mon-Sun closed
Tenta,https://tabelog.com/osaka/A2701/A270101/27113322/,https://www.google.com/maps/place/?q=place_id:ChIJPa522rnnAGARgPq5w_NwFrw,Closed,Mon-Sun closed
monk,https://tabelog.com/kyoto/A2601/A260302/26026737/,https://www.google.com/maps/place/?q=place_id:ChIJF7ckRhsJAWAR4RfB9jaYHt4,Closed,Mon-Sun closed
Kyogashi Tsukasa Shojuken,https://tabelog.com/kyoto/A2601/A260301/26009387/,https://www.google.com/maps/place/?q=place_id:ChIJSUy8OMAIAWAReNXTKFrKOlU,Closed,Mon-Sun closed
Tempura Fukutarou,https://tabelog.com/tokyo/A1311/A131106/13204299/,https://www.google.com/maps/place/?q=place_id:ChIJYxt9BSyMGGAR8v5_p169jrM,Closed,Mon-Sun closed
Cake House Tsumagari Koyoen Honten,https://tabelog.com/hyogo/A2803/A280301/28001357/,https://www.google.com/maps/place/?q=place_id:ChIJV0TuNgzzAGARM_5EMzsJ1xQ,Closed,Mon-Sun closed
Yakitori Akane,https://tabelog.com/tokyo/A1309/A130905/13196727/,https://www.google.com/maps/place/?q=place_id:ChIJXZVabf-MGGARZNehXKS73yo,Closed,Mon-Sun closed
La Châtaigne,https://tabelog.com/tokyo/A1309/A130905/13234863/,https://www.google.com/maps/place/?q=place_id:ChIJ1QhR77ONGGARA-wG7t6uOmQ,Closed,Mon-Sun closed
The Peninsula Boutique & Cafe,https://tabelog.com/tokyo/A1301/A130102/13043019/,https://www.google.com/maps/place/?q=place_id:ChIJ55FqKPCLGGARYzuoBjmleaA,Closed,Mon-Sun closed
Romantico,https://tabelog.com/tokyo/A1316/A131602/13021521/,https://www.google.com/maps/place/?q=place_id:ChIJ8TB22QSLGGARQ4fC_g5XKa8,Closed,Mon-Sun closed
Yakiniku Masachiyan,https://tabelog.com/osaka/A2701/A270406/27023255/,https://www.google.com/maps/place/?q=place_id:ChIJFRsk9oHnAGARvvSihuEnGu8,Closed,Mon-Sun closed
Steak Tsuji,https://tabelog.com/osaka/A2701/A270101/27038198/,https://www.google.com/maps/place/?q=place_id:ChIJnWDRuu3mAGARzHCgkMgVEuY,Closed,Mon-Sun closed
Ryuen,https://tabelog.com/aichi/A2302/A230201/23012457/,https://www.google.com/maps/place/?q=place_id:ChIJ9wGuZjSnA2ARuRLUT__U7Jc,Closed,Mon-Sun closed
Ichigenya,https://tabelog.com/tokyo/A1308/A130803/13006404/,https://www.google.com/maps/place/?q=place_id:ChIJwbDvpHqMGGARoXI74Ukqm1s,Closed,Mon-Sun closed
SONKA,https://tabelog.com/tokyo/A1319/A131905/13174215/,https://www.google.com/maps/place/?q=place_id:ChIJ3Q8TE2nyGGARJHJcQK52NBI,Closed,Mon-Sun closed
Prevenance,https://tabelog.com/tokyo/A1306/A130603/13162493/,https://www.google.com/maps/place/?q=place_id:ChIJ46BM6JyMGGARJxU412-iNik,Closed,Mon-Sun closed
Bar P.M.9,https://tabelog.com/tokyo/A1301/A130103/13122052/,https://www.google.com/maps/place/?q=place_id:ChIJczQIyOuLGGARK0zgjllIt_0,Closed,Mon-Sun closed
Ren Mishina,https://tabelog.com/tokyo/A1301/A130101/13221959/,https://www.google.com/maps/place/?q=place_id:ChIJ5d7mW-yLGGARiCOIek8Dmns,Closed,Mon-Sun closed
spice curry mokuromi,https://tabelog.com/saitama/A1102/A110203/11045458/,https://www.google.com/maps/place/?q=place_id:ChIJ8QTHlHC-GGAR052APVj42Ls,Closed,Mon-Sun closed
Hanamaru Kichijitsu,https://tabelog.com/aichi/A2301/A230103/23077422/,https://www.google.com/maps/place/?q=place_id:ChIJYQNjpip3A2ARlc6Cb5W7nKk,Closed,Mon-Sun closed
Waribashi,https://tabelog.com/miyazaki/A4501/A450101/45002895/,https://maps.google.com/?cid=14099314800755161769&g_mp=CiVnb29nbGUubWFwcy5wbGFjZXMudjEuUGxhY2VzLkdldFBsYWNlEAIYBCAA,Closed,Mon-Sun closed
SOWADO,https://tabelog.com/tokyo/A1303/A130302/13248516/,https://www.google.com/maps/place/?q=place_id:ChIJ49405C2LGGARcijau9UAPxE,Closed,Mon-Sun closed
Kuriya,https://tabelog.com/hokkaido/A0101/A010301/1013145/,https://www.google.com/maps/place/?q=place_id:ChIJ56X0bj8rC18RYnWMP8dMsYk,Closed,Mon-Sun closed
Yoshinoya,https://tabelog.com/tokyo/A1324/A132403/13047535/,https://www.google.com/maps/place/?q=place_id:ChIJb2eOzKKFGGARxbQ07LxJnoQ,Closed,Mon-Sun closed
Angetsu,https://tabelog.com/osaka/A2701/A270201/27013829/,https://www.google.com/maps/place/?q=place_id:ChIJuXAhnxbnAGARqNoAGqk5R-k,Closed,Mon-Sun closed
Yama Hashiru,https://tabelog.com/osaka/A2701/A270103/27114882/,https://www.google.com/maps/place/?q=place_id:ChIJuw9sn8_nAGARsLmejjsbwWM,Closed,Mon-Sun closed
Takokuseki Shokudo Sabi to Susu,https://tabelog.com/kochi/A3901/A390102/39006430/,https://www.google.com/maps/place/?q=place_id:ChIJw8LqgY4CTjURG0PKGjpL_tQ,Closed,Mon-Sun closed
DK,https://tabelog.com/tokyo/A1306/A130603/13278055/,https://www.google.com/maps/place/?q=place_id:ChIJJ6jgIHeLGGAR9w0Dko05MOs,Closed,Mon-Sun closed
Otsuaji Asai,https://tabelog.com/aichi/A2301/A230104/23072364/,https://www.google.com/maps/place/?q=place_id:ChIJBZk0RMRxA2ARQ-W0F76Jatc,Closed,Mon-Sun closed
Ishii,https://tabelog.com/tokyo/A1324/A132403/13098265/,https://www.google.com/maps/place/?q=place_id:ChIJ72Eey6KFGGARBlYBLKKK1GU,Closed,Mon-Sun closed
Restaurant Ennu,https://tabelog.com/ishikawa/A1701/A170101/17009850/,https://www.google.com/maps/place/?q=place_id:ChIJA97CPG8z-F8RdD_-U8T940I,Closed,Mon-Sun closed
Honneri Kwashi Suiren isshin,https://tabelog.com/osaka/A2701/A270106/27061962/,https://www.google.com/maps/place/?q=place_id:ChIJOeBymk3nAGARhN3mEay3YjU,Closed,Mon-Sun closed
Ali's Kitchen アリーズ キッチン,https://tabelog.com/osaka/A2701/A270201/27045608/,https://www.google.com/maps/place/?q=place_id:ChIJuya5pRDnAGARL5HekU97Hag,Closed,Mon-Sun closed
チャーリー多幸寿 本店,https://tabelog.com/okinawa/A4703/A470301/47000033/,https://www.google.com/maps/place/?q=place_id:ChIJ8_bUwA8S5TQRP6VkBFHG7iU,Closed,Mon-Sun closed
Celaravird,https://tabelog.com/tokyo/A1318/A131811/13176914/,https://www.google.com/maps/place/?q=place_id:ChIJU8O-z07zGGAR4M_3Lx3xS4s,Closed,Mon-Sun closed
Tagosaku,https://tabelog.com/shimane/A3204/A320401/32000325/,https://www.google.com/maps/place/?q=place_id:ChIJ45geZrEYWzUR8TcswIyU6R4,Closed,Mon-Sun closed
Yi Pan Tsai Tanaka,https://tabelog.com/kyoto/A2601/A260302/26035247/,https://www.google.com/maps/place/?q=place_id:ChIJxbr8uI4JAWARGs7DoOgVImI,Closed,Mon-Sun closed
BAR PROOF,https://tabelog.com/hokkaido/A0101/A010103/1000004/,https://www.google.com/maps/place/?q=place_id:ChIJv57FeoQpC18R8V_BrzNaaVU,Closed,Mon-Sun closed
Wakadori Yaki Mobara,https://tabelog.com/tokyo/A1315/A131501/13230305/,https://maps.google.com/?cid=5135014789767449185&g_mp=CiVnb29nbGUubWFwcy5wbGFjZXMudjEuUGxhY2VzLkdldFBsYWNlEAIYBCAA,Closed,Mon-Sun closed
La Fournee,https://tabelog.com/osaka/A2701/A270102/27081942/,https://www.google.com/maps/place/?q=place_id:ChIJe-j1zKf7AGARy-faIN-p-ak,Closed,Mon-Sun closed
Yakitori BLACK,https://tabelog.com/osaka/A2708/A270801/27122862/,https://www.google.com/maps/place/?q=place_id:ChIJATAUhbTZAGARWuVBlOs5Q54,Closed,Mon-Sun closed
Sal y Amor,https://tabelog.com/tokyo/A1303/A130303/13151425/,https://www.google.com/maps/place/?q=place_id:ChIJnQnzI0WLGGARjy7bLpkSd18,Closed,Mon-Sun closed
Epice,https://tabelog.com/chiba/A1201/A120101/12001097/,https://www.google.com/maps/place/?q=place_id:ChIJ7blQcLGEImAR_Q5fpz4gzx8,Closed,Mon-Sun closed
Al Centro,https://tabelog.com/aomori/A0201/A020101/2005075/,https://www.google.com/maps/place/?q=place_id:ChIJ0zzDZgOfm18RYz478OS1Dmw,Closed,Mon-Sun closed
OLD NEPAL TOKYO,https://tabelog.com/tokyo/A1318/A131813/13248272/,https://www.google.com/maps/place/?q=place_id:ChIJkcMkqhzzGGARYoolEkfLfZ4,Closed,Mon-Sun closed
Trattoria e Pizzeria L'ARTE,https://tabelog.com/tokyo/A1317/A131706/13128533/,https://www.google.com/maps/place/?q=place_id:ChIJg7-aO6L0GGARFpY0fXbogDg,Closed,Mon-Sun closed
Man masa,https://tabelog.com/osaka/A2701/A270205/27000561/,https://www.google.com/maps/place/?q=place_id:ChIJme8u5xzeAGARboipDqI7UEc,Closed,Mon-Sun closed
Tom Yum Kung.,https://tabelog.com/oita/A4402/A440202/44005660/,https://www.google.com/maps/place/?q=place_id:ChIJDwo8_IwZRzUR42lzme62pj4,Closed,Mon-Sun closed
Kikuta,https://tabelog.com/kanagawa/A1404/A140402/14004243/,https://www.google.com/maps/place/?q=place_id:ChIJJW2DQcFFGGARUOBatjHjSdE,Closed,Mon-Sun closed
Sakai Shokai,https://tabelog.com/tokyo/A1303/A130301/13220751/,https://www.google.com/maps/place/?q=place_id:ChIJdcbMblmLGGARbcpOx_E_hhE,Closed,Mon-Sun closed
Bigo no Mise Tokyo Honten,https://tabelog.com/tokyo/A1301/A130101/13002489/,https://www.google.com/maps/place/?q=place_id:ChIJX0R9rOWLGGARooGzVeiqb2Q,Closed,Mon-Sun closed
Pizzeria Da Gaetano Yakuin Ten,https://tabelog.com/fukuoka/A4001/A400104/40028105/,https://www.google.com/maps/place/?q=place_id:ChIJU0GZZ5uRQTURgQhL_c85ELU,Closed,Mon-Sun closed
Kinmochi,https://tabelog.com/tokyo/A1318/A131807/13009223/,https://www.google.com/maps/place/?q=place_id:ChIJPbPFHy3zGGARAXH868XLnb8,Closed,Mon-Sun closed
Tonkatsu Odayasu Jonai Ten,https://tabelog.com/tokyo/A1313/A131307/13026535/,https://www.google.com/maps/place/?q=place_id:ChIJtXT2jySJGGARfMfDVwnB4bo,Closed,Mon-Sun closed
Sushi Hiroya,https://tabelog.com/tokyo/A1314/A131401/13247407/,https://www.google.com/maps/place/?q=place_id:ChIJk9M9L6KLGGARVHELOwP01T0,Closed,Mon-Sun closed
CUCINA ITALIANA MAGARI,https://tabelog.com/hokkaido/A0101/A010102/1057726/,https://www.google.com/maps/place/?q=place_id:ChIJ2fW4GMspC18RNhdVEHVphpM,Closed,Mon-Sun closed
Okonomiyaki Hasshou,https://tabelog.com/hiroshima/A3401/A340108/34019405/,https://www.google.com/maps/place/?q=place_id:ChIJf-Fl3gaiWjURK1tf2n6vCWQ,Closed,Mon-Sun closed
Asuke,https://tabelog.com/fukuoka/A4001/A400104/40000037/,https://www.google.com/maps/place/?q=place_id:ChIJEbSbXIORQTUR9syg3Ynx-Z8,Closed,Mon-Sun closed
toukyou bei fissyamanzu nudoru,https://tabelog.com/kanagawa/A1406/A140601/14079528/,https://www.google.com/maps/place/?q=place_id:ChIJnS8Eq7A_GGAROC1aKm5-7vk,Closed,Mon-Sun closed
Tori Tsune,https://tabelog.com/hiroshima/A3403/A340308/34000083/,https://www.google.com/maps/place/?q=place_id:ChIJU8tKYQERUTUR4xe66VKsRMs,Closed,Mon-Sun closed
TAKAO,https://tabelog.com/hokkaido/A0101/A010105/1051245/,https://www.google.com/maps/place/?q=place_id:ChIJ5ZPrBeopC18R507P-TlGAVk,Closed,Mon-Sun closed
Jhad Pul,https://tabelog.com/hokkaido/A0101/A010105/1046448/,https://www.google.com/maps/place/?q=place_id:ChIJUc20q-8pC18R3OMBtNNDabM,Closed,Mon-Sun closed
Kobe Chuka Uebayashi,https://tabelog.com/hyogo/A2801/A280102/28032237/,https://www.google.com/maps/place/?q=place_id:ChIJlRsrl-SOAGARIoTnUfuTouU,Closed,Mon-Sun closed
Imanishi Ken,https://tabelog.com/kyoto/A2601/A260201/26002101/,https://www.google.com/maps/place/?q=place_id:ChIJxxjiUqIIAWARa9subQPlemE,Closed,Mon-Sun closed
ENGINE,https://tabelog.com/tokyo/A1309/A130905/13178164/,https://www.google.com/maps/place/?q=place_id:ChIJmSaiZFqMGGARKslYF7LMhU4,Closed,Mon-Sun closed
The Mandarin Oriental Gourmet Shop,https://tabelog.com/tokyo/A1302/A130202/13022977/,https://www.google.com/maps/place/?q=place_id:ChIJzRxfeVWJGGARulQR37YwjdY,Closed,Mon-Sun closed
Kajikawa,https://tabelog.com/aichi/A2301/A230106/23000897/,https://www.google.com/maps/place/?q=place_id:ChIJwcDs32ZwA2AR1DgPnj6g79M,Closed,Mon-Sun closed
Tatsumi Soba Shimahei,https://tabelog.com/tokyo/A1309/A130905/13020236/,https://www.google.com/maps/place/?q=place_id:ChIJBduc8FiMGGARhhdTzDlZhN0,Closed,Mon-Sun closed
Tenboshi,https://tabelog.com/osaka/A2701/A270103/27119037/,https://www.google.com/maps/place/?q=place_id:ChIJ31LvfLvmAGARttTcpzhSvYI,Closed,Mon-Sun closed
Gyokusei Ya,https://tabelog.com/osaka/A2701/A270202/27001576/,https://www.google.com/maps/place/?q=place_id:ChIJpeK0wGrnAGARlQ_px5aRm-4,Closed,Mon-Sun closed
Sushi Cho,https://tabelog.com/akita/A0501/A050101/5006548/,https://www.google.com/maps/place/?q=place_id:ChIJNcSpypLCj18Rc1I2HEpxFbA,Closed,Mon-Sun closed
Ura Tora,https://tabelog.com/tokyo/A1317/A131701/13216607/,https://www.google.com/maps/place/?q=place_id:ChIJcVYwuGGLGGARVjFnLBwJGjI,Closed,Mon-Sun closed
Hitoshi Ishiganto Ten,https://tabelog.com/okinawa/A4705/A470501/47001357/,https://www.google.com/maps/place/?q=place_id:ChIJs8T_e64KYDQRiUKvQg-kMN8,Closed,Mon-Sun closed
Yorozuya Okagesan,https://tabelog.com/tokyo/A1309/A130903/13025617/,https://www.google.com/maps/place/?q=place_id:ChIJRd3EzYyMGGARd3l-0I2MNI8,Closed,Mon-Sun closed
Yuni yumo,https://tabelog.com/osaka/A2701/A270103/27125071/,https://maps.google.com/?cid=16047963727528427223&g_mp=CiVnb29nbGUubWFwcy5wbGFjZXMudjEuUGxhY2VzLkdldFBsYWNlEAIYBCAA,Closed,Mon-Sun closed
SUNVALLEY HOTEL,https://tabelog.com/tokyo/A1317/A131706/13195313/,https://www.google.com/maps/place/?q=place_id:ChIJAQBwuJn0GGAR9ACvt7Rfl78,Closed,Mon-Sun closed
Yasui,https://tabelog.com/aichi/A2301/A230113/23052408/,https://www.google.com/maps/place/?q=place_id:ChIJT4SEKEV2A2ARSdcxXNezuGs,Closed,Mon-Sun closed
Go,https://tabelog.com/shizuoka/A2201/A220101/22027057/,https://www.google.com/maps/place/?q=place_id:ChIJnyoByPVJGmARry9UwGdOj4I,Closed,Mon-Sun closed
"Seiichiro,NISHIZONO",https://tabelog.com/osaka/A2701/A270102/27082393/,https://www.google.com/maps/place/?q=place_id:ChIJWSgPqfvmAGARkB_S-sNh9hM,Closed,Mon-Sun closed
patisserie K.ViNCENT,https://tabelog.com/tokyo/A1309/A130905/13035194/,https://www.google.com/maps/place/?q=place_id:ChIJ96cODFCMGGARwJ1JVY4huyk,Closed,Mon-Sun closed
Mikuni Tei,https://tabelog.com/osaka/A2701/A270202/27001443/,https://maps.google.com/?cid=18309763037268656233&g_mp=CiVnb29nbGUubWFwcy5wbGFjZXMudjEuUGxhY2VzLkdldFBsYWNlEAIYBCAA,Closed,Mon-Sun closed
Grill Sen,https://tabelog.com/fukuoka/A4001/A400105/40006197/,https://www.google.com/maps/place/?q=place_id:ChIJKym2uemTQTURhxL-gbVvg7o,Closed,Mon-Sun closed
Kourai Tei,https://tabelog.com/tokyo/A1303/A130301/13013023/,https://www.google.com/maps/place/?q=place_id:ChIJDT1BS_CLGGARlJs7gADZ1sQ,Closed,Mon-Sun closed
Taverna Sukima,https://tabelog.com/aichi/A2301/A230107/23085826/,https://www.google.com/maps/place/?q=place_id:ChIJ35bX1UxxA2AR8wHw0MND3CI,Closed,Mon-Sun closed
Spice Curry Harmonia,https://tabelog.com/osaka/A2701/A270103/27103594/,https://www.google.com/maps/place/?q=place_id:ChIJ__8L6cbmAGAR5dt4TFg3dsA,Closed,Mon-Sun closed
Sushi Matsumoto,https://tabelog.com/kyoto/A2601/A260301/26002579/,https://www.google.com/maps/place/?q=place_id:ChIJ6dIeosEIAWARXxd2aOzLKjQ,Closed,Mon-Sun closed
Pan Kichi,https://tabelog.com/hokkaido/A0101/A010101/1001468/,https://www.google.com/maps/place/?q=place_id:ChIJUQDMNZ0pC18RcQCnoLe262U,Closed,Mon-Sun closed
Smart Coffee,https://tabelog.com/kyoto/A2601/A260201/26000647/,https://www.google.com/maps/place/?q=place_id:ChIJFY1ePZIIAWARwnZmEXSRqz4,Closed,Mon-Sun closed
Kongst,https://tabelog.com/tokyo/A1302/A130204/13290035/,https://www.google.com/maps/place/?q=place_id:ChIJtwZa9s-JGGARqEGaYbJOOP8,Closed,Mon-Sun closed
ROUTE271 Umeda Honten,https://tabelog.com/osaka/A2701/A270101/27087157/,https://www.google.com/maps/place/?q=place_id:ChIJDeHJjZHmAGARw-KBciEYt0c,Closed,Mon-Sun closed
Chisouan Hijiri,https://tabelog.com/aichi/A2301/A230109/23001697/,https://www.google.com/maps/place/?q=place_id:ChIJb4m11CdxA2ARs83TVDjZyFM,Closed,Mon-Sun closed
Pizzeria Positano,https://tabelog.com/chiba/A1204/A120401/12025528/,https://www.google.com/maps/place/?q=place_id:ChIJcYNavQ2LImARYppBbVa4ax8,Closed,Mon-Sun closed
Hosoi,https://tabelog.com/saitama/A1102/A110204/11022003/,https://www.google.com/maps/place/?q=place_id:ChIJrbMegJK7GGARaAjf9gA3yb8,Closed,Mon-Sun closed
Kinton Kobe Ten,https://tabelog.com/hyogo/A2801/A280101/28049009/,https://www.google.com/maps/place/?q=place_id:ChIJO7tHMPuOAGARF6VTbeCZ2oc,Closed,Mon-Sun closed
Kanmichi Pakutei,https://tabelog.com/osaka/A2701/A270106/27094202/,https://www.google.com/maps/place/?q=place_id:ChIJ7d0vUuPmAGARzR8KV8BLo5c,Closed,Mon-Sun closed
Pan au Sourire,https://tabelog.com/tokyo/A1306/A130602/13147336/,https://www.google.com/maps/place/?q=place_id:ChIJe-U_oViLGGAR0QHHi7-4Upk,Closed,Mon-Sun closed
Boulanger S.KAGAWA,https://tabelog.com/osaka/A2701/A270101/27059555/,https://www.google.com/maps/place/?q=place_id:ChIJxYL2Ir7mAGAR8JHpbt97-NQ,Closed,Mon-Sun closed
Shirogane Toritama Honkan,https://tabelog.com/tokyo/A1316/A131602/13005504/,https://www.google.com/maps/place/?q=place_id:ChIJF_J6-BGLGGARQdsw5O91ERQ,Closed,Mon-Sun closed
Spice Curry Shunka To,https://tabelog.com/osaka/A2701/A270301/27098909/,https://www.google.com/maps/place/?q=place_id:ChIJGT-CVCXkAGARq-JN-LYur-E,Closed,Mon-Sun closed
Yoshoku Teshima,https://tabelog.com/osaka/A2701/A270201/27113674/,https://www.google.com/maps/place/?q=place_id:ChIJr1BENlDnAGARhU_ZcAvmk_w,Closed,Mon-Sun closed
Tora Maru,https://tabelog.com/mie/A2403/A240301/24000592/,https://www.google.com/maps/place/?q=place_id:ChIJRXfZamdaBGARcs_p8DvaZ3Q,Closed,Mon-Sun closed
Nodoguro Senmon Ginza Nakamata,https://tabelog.com/tokyo/A1301/A130101/13186922/,https://www.google.com/maps/place/?q=place_id:ChIJkX0WJ-eLGGARHS19UALgyPc,Closed,Mon-Sun closed
Niboshi Chuka Soba Ichikawa,https://tabelog.com/ibaraki/A0802/A080201/8014295/,https://www.google.com/maps/place/?q=place_id:ChIJv-jK1gwMImARUFPXaNxVENg,Closed,Mon-Sun closed
Azabu Juban Fukuda,https://tabelog.com/tokyo/A1307/A130702/13174951/,https://www.google.com/maps/place/?q=place_id:ChIJAQDksKGLGGAR9nN2zDvpJWo,Closed,Mon-Sun closed
Pegopa,https://tabelog.com/osaka/A2701/A270201/27145528/,https://maps.google.com/?cid=541149919720207852&g_mp=CiVnb29nbGUubWFwcy5wbGFjZXMudjEuUGxhY2VzLkdldFBsYWNlEAIYBCAA,Closed,Mon-Sun closed
Mishuku Toraji,https://tabelog.com/tokyo/A1317/A131701/13004517/,https://www.google.com/maps/place/?q=place_id:ChIJn6a_ssr0GGARa8asFX-ZvgY,Closed,Mon-Sun closed
Sushi Takumi,https://tabelog.com/osaka/A2701/A270106/27127383/,https://www.google.com/maps/place/?q=place_id:ChIJ3X8uz53nAGARJ3z-ZyWrKn4,Closed,Mon-Sun closed
Nomugi,https://tabelog.com/nagano/A2002/A200201/20000101/,https://www.google.com/maps/place/?q=place_id:ChIJ3ZLn4o0OHWARSag9KLRfEBw,Closed,Mon-Sun closed
Laduree Salon de the Ginza Mitsukoshi Ten,https://tabelog.com/tokyo/A1301/A130101/13053865/,https://www.google.com/maps/place/?q=place_id:ChIJO8iZiOaLGGAR2LHU0udcriY,Closed,Mon-Sun closed
Zenya,https://tabelog.com/saitama/A1103/A110301/11000014/,https://www.google.com/maps/place/?q=place_id:ChIJnUnVYkboGGAR6jq5eYHRSYI,Closed,Mon-Sun closed
Tempura Kyorakutei,https://tabelog.com/tokyo/A1309/A130903/13171952/,https://www.google.com/maps/place/?q=place_id:ChIJQ-hQ_FqMGGARXvSIGai2obk,Closed,Mon-Sun closed
Kaikyo So,https://tabelog.com/aomori/A0204/A020403/2000217/,https://www.google.com/maps/place/?q=place_id:ChIJQ3cmf4mcnl8RXIUzTWMOY7U,Closed,Mon-Sun closed
Nakayama Tei Labo,https://tabelog.com/aichi/A2301/A230106/23078337/,https://www.google.com/maps/place/?q=place_id:ChIJFUbMDABxA2ARPFu0Fes5pns,Closed,Mon-Sun closed
The Lobby Lounge & Bar,https://tabelog.com/tokyo/A1307/A130701/13037931/,https://www.google.com/maps/place/?q=place_id:ChIJQ3Rm0xeLGGARutvQGyIKdEU,Closed,Mon-Sun closed
Yutaka,https://tabelog.com/kyoto/A2601/A260301/26001272/,https://www.google.com/maps/place/?q=place_id:ChIJZ4vpbsEIAWARc6nkqOWvKuw,Closed,Mon-Sun closed
CAFE KESHiPEARL,https://tabelog.com/hyogo/A2801/A280101/28029699/,https://www.google.com/maps/place/?q=place_id:ChIJP3k_RPCOAGARPJn2eMktQtQ,Closed,Mon-Sun closed
Il Mare,https://tabelog.com/kanagawa/A1409/A140901/14000188/,https://www.google.com/maps/place/?q=place_id:ChIJ352M1O2kGWARP7nKF6rBIQU,Closed,Mon-Sun closed
Ban Coffee Ten,https://tabelog.com/osaka/A2701/A270107/27037023/,https://www.google.com/maps/place/?q=place_id:ChIJZWJSzcngAGAROd9Z5atK-ZA,Closed,Mon-Sun closed
Mura no Pizza Ya Campagna,https://tabelog.com/chiba/A1206/A120603/12001153/,https://www.google.com/maps/place/?q=place_id:ChIJ33wjsFKoImARKsjF0Tv-5vo,Closed,Mon-Sun closed
KAISO,https://tabelog.com/tokyo/A1318/A131812/13129587/,https://www.google.com/maps/place/?q=place_id:ChIJUzUfnGjzGGARDbou-BCVUvg,Closed,Mon-Sun closed
Kadoya,https://tabelog.com/tokyo/A1324/A132402/13008735/,https://www.google.com/maps/place/?q=place_id:ChIJx1SWd0iOGGAR79fRdFe_V9M,Closed,Mon-Sun closed
The Ritz Carlton Cafe & Deli,https://tabelog.com/tokyo/A1307/A130701/13037995/,https://www.google.com/maps/place/?q=place_id:ChIJEWLuvHiLGGARcmdxwqh7rCU,Closed,Mon-Sun closed
Anya,https://tabelog.com/tokyo/A1318/A131814/13007428/,https://www.google.com/maps/place/?q=place_id:ChIJze4ulWjxGGARpcVVa0fAhtY,Closed,Mon-Sun closed
Asari Honten,https://tabelog.com/hokkaido/A0105/A010501/1003362/,https://www.google.com/maps/place/?q=place_id:ChIJx1B0IATznl8RN24duWJy8WI,Closed,Mon-Sun closed
patisserie de bon coeur  Musashi Koyama Honten,https://tabelog.com/tokyo/A1317/A131710/13032289/,https://www.google.com/maps/place/?q=place_id:ChIJEQWR9tuKGGARYerS5-vB4sM,Closed,Mon-Sun closed
PST Higashiazabu,https://tabelog.com/tokyo/A1314/A131401/13205741/,https://www.google.com/maps/place/?q=place_id:ChIJ3VAK8byLGGAR9myUx6TdqSU,Closed,Mon-Sun closed
Sumibi Yakitori Aki,https://tabelog.com/osaka/A2701/A270404/27003697/,https://www.google.com/maps/place/?q=place_id:ChIJQfK0UxbcAGARmEU23dEP99k,Closed,Mon-Sun closed
Shunten Shin,https://tabelog.com/osaka/A2701/A270205/27118815/,https://www.google.com/maps/place/?q=place_id:ChIJWfKCnrTgAGAR_P0Z4kMNTBI,Closed,Mon-Sun closed
Manchinro Tenshinpo,https://tabelog.com/kanagawa/A1401/A140104/14000128/,https://www.google.com/maps/place/?q=place_id:ChIJ2wwIsuRcGGARi5GOlmnBExY,Closed,Mon-Sun closed
eight,https://tabelog.com/kyoto/A2601/A260601/26018675/,https://www.google.com/maps/place/?q=place_id:ChIJCT7FNFEPAWARmjCxg4zEugU,Closed,Mon-Sun closed
Mochiku,https://tabelog.com/tokyo/A1301/A130101/13007760/,https://www.google.com/maps/place/?q=place_id:ChIJ0y9niS2LGGAROjbVNMDwcA4,Closed,Mon-Sun closed
Gion Sambor,https://tabelog.com/kyoto/A2601/A260301/26001401/,https://www.google.com/maps/place/?q=place_id:ChIJxXoT6MMIAWAROi8nMplVkMI,Closed,Mon-Sun closed
PATISSERIE ORANGE,https://tabelog.com/saitama/A1103/A110301/11024456/,https://www.google.com/maps/place/?q=place_id:ChIJQSRl7bjpGGAR6GtlkjIyh4A,Closed,Mon-Sun closed
Chuo Tei,https://tabelog.com/shizuoka/A2205/A220501/22039475/,https://www.google.com/maps/place/?q=place_id:ChIJR5y7RGCFGWARo8V73Lxok4g,Closed,Mon-Sun closed
Kuma no Yakitori 106,https://tabelog.com/osaka/A2701/A270103/27080941/,https://www.google.com/maps/place/?q=place_id:ChIJXe69ELnmAGAR1pslzOnx0YQ,Closed,Mon-Sun closed
Kew,https://tabelog.com/kyoto/A2601/A260402/26032124/,https://www.google.com/maps/place/?q=place_id:ChIJO975-FUHAWARcu9g66Ayg9U,Closed,Mon-Sun closed
Suya Nishiki,https://tabelog.com/gifu/A2103/A210303/21000352/,https://www.google.com/maps/place/?q=place_id:ChIJFf8e6Du0HGARgyzM_Zz-AZc,Closed,Mon-Sun closed
Wagashi Mise Seiyo,https://tabelog.com/kyoto/A2601/A260503/26022394/,https://www.google.com/maps/place/?q=place_id:ChIJtT5J4hqoAWAR_DrgoLCHidw,Closed,Mon-Sun closed
.know,https://tabelog.com/kumamoto/A4301/A430101/43015731/,https://www.google.com/maps/place/?q=place_id:ChIJK-ToI5H1QDUR2a7g6pcj4oI,Closed,Mon-Sun closed
THE LOBBY LOUNGE,https://tabelog.com/tokyo/A1302/A130201/13072553/,https://www.google.com/maps/place/?q=place_id:ChIJGeYlX_mLGGARCmwmJviEmT4,Closed,Mon-Sun closed
panscape Nijo Ekimae Ten,https://tabelog.com/kyoto/A2601/A260203/26017091/,https://www.google.com/maps/place/?q=place_id:ChIJjWFvgdIHAWAR6xg-OoYtzj4,Closed,Mon-Sun closed
Centro,https://tabelog.com/aichi/A2301/A230104/23083563/,https://www.google.com/maps/place/?q=place_id:ChIJp4casthwA2AR-VHHDmbAgDo,Closed,Mon-Sun closed
Sekizawa,https://tabelog.com/nagano/A2001/A200106/20000282/,https://www.google.com/maps/place/?q=place_id:ChIJh2vxmueLHWAR36SlCWeMMMA,Closed,Mon-Sun closed
Thai Biryani majide hamal マジデハマル,https://tabelog.com/hyogo/A2803/A280304/28029394/,https://www.google.com/maps/place/?q=place_id:ChIJVyzNG-jxAGARNKXQFxllzSM,Closed,Mon-Sun closed
Horumon Ryori Senmonjo Toneya,https://tabelog.com/hiroshima/A3401/A340110/34003287/,https://www.google.com/maps/place/?q=place_id:ChIJKQ_D9wOiWjURNTnLq1bv57A,Closed,Mon-Sun closed
Akasaka Tsutsui Sohon Ten,https://tabelog.com/tokyo/A1307/A130701/13002829/,https://www.google.com/maps/place/?q=place_id:ChIJsbs0bISLGGARMDZdZNTTSvo,Closed,Mon-Sun closed
Cini CURRY,https://tabelog.com/hyogo/A2801/A280102/28053601/,https://www.google.com/maps/place/?q=place_id:ChIJf3ycHTWPAGARKZvhhO3uSTI,Closed,Mon-Sun closed
Potoro,https://tabelog.com/gunma/A1001/A100102/10020720/,https://www.google.com/maps/place/?q=place_id:ChIJh6UBf-KNHmARZF-dKdhjYuw,Closed,Mon-Sun closed
Hatsudai Spice Shokudo Wakon Insai Tandoru,https://tabelog.com/tokyo/A1318/A131807/13195398/,https://www.google.com/maps/place/?q=place_id:ChIJB0meoi7zGGARUqhyzZc9Prs,Closed,Mon-Sun closed
Hamano Ya Parlor Yurakucho Ten,https://tabelog.com/tokyo/A1301/A130102/13041024/,https://www.google.com/maps/place/?q=place_id:ChIJZ5oPEPCLGGARcIpfN1ad8Nw,Closed,Mon-Sun closed
Gratin no Omise Dotsubodoru,https://tabelog.com/hyogo/A2803/A280303/28004183/,https://www.google.com/maps/place/?q=place_id:ChIJB8zFj3P0AGARX8ycDAvRUtY,Closed,Mon-Sun closed
Shirakawa Teuchi Chuka Soba Kosuga,https://tabelog.com/kanagawa/A1401/A140201/14085710/,https://www.google.com/maps/place/?q=place_id:ChIJw8WezPP3GGARcVEyOTApRQY,Closed,Mon-Sun closed
Japoni,https://tabelog.com/osaka/A2701/A270101/27134362/,https://maps.google.com/?cid=2554884104346081135&g_mp=CiVnb29nbGUubWFwcy5wbGFjZXMudjEuUGxhY2VzLkdldFBsYWNlEAIYBCAA,Closed,Mon-Sun closed
Unagi Kobayashi,https://tabelog.com/nagano/A2004/A200404/20001043/,https://www.google.com/maps/place/?q=place_id:ChIJHx4OfY9WHGARCgKta4kkp3I,Closed,Mon-Sun closed
Udon Dining KONA×MIZU×SHIO,https://tabelog.com/osaka/A2701/A270106/27089426/,https://www.google.com/maps/place/?q=place_id:ChIJcz6EvSPnAGARIFRUnputNXE,Closed,Mon-Sun closed
BARMOS,https://tabelog.com/hyogo/A2801/A280108/28051246/,https://www.google.com/maps/place/?q=place_id:ChIJgaWRR3eNAGARg2KuQI7ogTI,Closed,Mon-Sun closed
Koran,https://tabelog.com/tochigi/A0901/A090101/9010705/,https://www.google.com/maps/place/?q=place_id:ChIJzTYUULpnH2ARbZbntl5AVTs,Closed,Mon-Sun closed
Chinese Choyuuro (Yokohama Baycourt Club Hotel & Spa Resort),https://tabelog.com/kanagawa/A1401/A140103/14081410/,https://www.google.com/maps/place/?q=place_id:ChIJpf4-TltcGGAR3lhF8My5Qjk,Closed,Mon-Sun closed
Sumiya,https://tabelog.com/osaka/A2701/A270202/27099496/,https://www.google.com/maps/place/?q=place_id:ChIJM8SrLhPnAGARwOvM1DKEPwE,Closed,Mon-Sun closed
CARA AURELIA Daimaru Tokyo Ten,https://tabelog.com/tokyo/A1302/A130201/13044993/,https://www.google.com/maps/place/?q=place_id:ChIJ-yzzPfyLGGARzIKPU9c7GQ0,Closed,Mon-Sun closed
Kura Zushi,https://tabelog.com/fukushima/A0706/A070601/7000006/,https://www.google.com/maps/place/?q=place_id:ChIJC3S5rJK2il8RYLuj6pP-C6E,Closed,Mon-Sun closed
SORCIERE,https://tabelog.com/aichi/A2302/A230201/23075505/,https://www.google.com/maps/place/?q=place_id:ChIJ____D82gA2ARJSFvSPJTkJ8,Closed,Mon-Sun closed
Tempura Azumi,https://tabelog.com/miyagi/A0401/A040101/4010809/,https://www.google.com/maps/place/?q=place_id:ChIJw_pPCTAoil8RyOse8Jzxl0M,Closed,Mon-Sun closed
Sushi Yasuke,https://tabelog.com/aichi/A2301/A230108/23061465/,https://www.google.com/maps/place/?q=place_id:ChIJl2M0U85kA2ARPAhs6ARpPtY,Closed,Mon-Sun closed
Milonga Nuova,https://tabelog.com/tokyo/A1310/A131003/13006552/,https://www.google.com/maps/place/?q=place_id:ChIJrZPAHBGMGGARF6oPSXb-Ciw,Closed,Mon-Sun closed
Sasuke Shokudo,https://tabelog.com/chiba/A1206/A120603/12014064/,https://www.google.com/maps/place/?q=place_id:ChIJVc8QBvEaGGARUOZ4hMjNBNo,Closed,Mon-Sun closed
ROI LEGUME Asaka Honten,https://tabelog.com/saitama/A1103/A110302/11000029/,https://www.google.com/maps/place/?q=place_id:ChIJnx94o8_pGGARx6RjDmPPT7I,Closed,Mon-Sun closed
LIBRO VERDE,https://tabelog.com/osaka/A2701/A270101/27119599/,https://www.google.com/maps/place/?q=place_id:ChIJY9JQ3VbnAGARFBJIKKUkNBc,Closed,Mon-Sun closed
Mishoan,https://tabelog.com/gunma/A1001/A100102/10008608/,https://www.google.com/maps/place/?q=place_id:ChIJoUFaFyuMHmAR5iqQ0FdWLi4,Closed,Mon-Sun closed
Fournier,https://tabelog.com/osaka/A2705/A270502/27016975/,https://www.google.com/maps/place/?q=place_id:ChIJC5scFy3QAGARQNjcK1BTqMw,Closed,Mon-Sun closed
Kasho Shirotae Narashinodaihonten,https://tabelog.com/chiba/A1202/A120201/12000092/,https://www.google.com/maps/place/?q=place_id:ChIJSQbHk3eAImARqix4ZpsS-fg,Closed,Mon-Sun closed
Kintoki no Amataro Yaki,https://tabelog.com/chiba/A1204/A120401/12000897/,https://www.google.com/maps/place/?q=place_id:ChIJT2GEww2LImARcZDzxDBHgvA,Closed,Mon-Sun closed
haluta bageri,https://tabelog.com/nagano/A2003/A200301/20011411/,https://www.google.com/maps/place/?q=place_id:ChIJZaPmH5HNHWARueV9TNxZCm0,Closed,Mon-Sun closed
TATSUMI,https://tabelog.com/tokyo/A1316/A131602/13266170/,https://www.google.com/maps/place/?q=place_id:ChIJF3T82bmLGGARl6_arS4fWzg,Closed,Mon-Sun closed
breadworks Ekyuto Higashishinagawa Ten,https://tabelog.com/tokyo/A1314/A131403/13155677/,https://www.google.com/maps/place/?q=place_id:ChIJXfHuZFqKGGARVOxTgPIlHPY,Closed,Mon-Sun closed
Pluie dete,https://tabelog.com/osaka/A2701/A270101/27116251/,https://www.google.com/maps/place/?q=place_id:ChIJt4DFNq7nAGARjaAOvkD8lLA,Closed,Mon-Sun closed
Rai Rai,https://tabelog.com/fukuoka/A4007/A400702/40036441/,https://www.google.com/maps/place/?q=place_id:ChIJF13vKDB-QTUR0hl93W1ITHY,Closed,Mon-Sun closed
KOBOYA Ikeshita Ten,https://tabelog.com/aichi/A2301/A230106/23020841/,https://www.google.com/maps/place/?q=place_id:ChIJ4Rd1d2RwA2ARL6aQBtA2qcg,Closed,Mon-Sun closed
Ramenya Akihide,https://tabelog.com/kyoto/A2601/A260303/26002155/,https://www.google.com/maps/place/?q=place_id:ChIJlx1uXQAJAWARlVYK_NNGfdM,Closed,Mon-Sun closed
Hiroshima Marukajiri Naka-chan,https://tabelog.com/hiroshima/A3401/A340110/34004408/,https://www.google.com/maps/place/?q=place_id:ChIJr0qVXgSiWjURFuNYu6CV8lw,Closed,Mon-Sun closed
Briant Kitayama Honten,https://tabelog.com/kyoto/A2601/A260503/26004348/,https://www.google.com/maps/place/?q=place_id:ChIJE_FvVRwIAWAR8Mhhx-cJwes,Closed,Mon-Sun closed
Yanbaru Dining Matsu no Kominka,https://tabelog.com/okinawa/A4702/A470201/47014042/,https://www.google.com/maps/place/?q=place_id:ChIJy2i1xmH_5DQR-xjPnOKf31o,Closed,Mon-Sun closed
Shokudo chisan,https://tabelog.com/aichi/A2301/A230101/23082768/,https://www.google.com/maps/place/?q=place_id:ChIJodWD_ep3A2ARlv4A2rXz0U4,Closed,Mon-Sun closed
Japanese cuisine Ootake,https://tabelog.com/aichi/A2303/A230302/23057731/,https://www.google.com/maps/place/?q=place_id:ChIJHR8RNuJoA2ARjWC-fYL6mmA,Closed,Mon-Sun closed
Kanmidokoro Mitsubachi Hon Ten,https://tabelog.com/tokyo/A1311/A131101/13003590/,https://www.google.com/maps/place/?q=place_id:ChIJOdPiTyCMGGARwWG58srJkKo,Closed,Mon-Sun closed
sake stand Ponshu Mania,https://tabelog.com/osaka/A2701/A270201/27111805/,https://maps.google.com/?cid=6398673485274154728&g_mp=CiVnb29nbGUubWFwcy5wbGFjZXMudjEuUGxhY2VzLkdldFBsYWNlEAIYBCAA,Closed,Mon-Sun closed
Ooyakiimo,https://tabelog.com/shizuoka/A2201/A220101/22000150/,https://www.google.com/maps/place/?q=place_id:ChIJhztlfxpKGmAR4PkWJqs8joI,Closed,Mon-Sun closed
Jun Teuchi na Manpuku Udon,https://tabelog.com/kagawa/A3702/A370202/37010831/,https://www.google.com/maps/place/?q=place_id:ChIJt6L_9KjbUzURnYGOnqhTTYk,Closed,Mon-Sun closed
Ginyu Shijin,https://tabelog.com/tokyo/A1319/A131906/13042194/,https://www.google.com/maps/place/?q=place_id:ChIJC3NhSgDtGGARMk3LRPYtfAE,Closed,Mon-Sun closed
La Belle Colline,https://tabelog.com/kanagawa/A1401/A140201/14000431/,https://www.google.com/maps/place/?q=place_id:ChIJZbNbMhf3GGAR-33OAAAp8iQ,Closed,Mon-Sun closed
Grand rocher,https://tabelog.com/osaka/A2701/A270102/27097439/,https://www.google.com/maps/place/?q=place_id:ChIJo7JiIKLnAGARozBilPcSKuE,Closed,Mon-Sun closed
gelateria popolo.,https://tabelog.com/niigata/A1501/A150101/15001128/,https://www.google.com/maps/place/?q=place_id:ChIJw6XQMtzJ9F8RN4ijOAsL4hY,Closed,Mon-Sun closed
CARNA,https://tabelog.com/fukui/A1801/A180102/18000273/,https://www.google.com/maps/place/?q=place_id:ChIJeweDBrHo-F8RqvOqKmdvol0,Closed,Mon-Sun closed
Ramen Hayato,https://tabelog.com/osaka/A2701/A270103/27083921/,https://www.google.com/maps/place/?q=place_id:ChIJFc6rk9zmAGARJSvaGZmc0QE,Closed,Mon-Sun closed
SUGITORA,https://tabelog.com/kyoto/A2601/A260201/26028747/,https://www.google.com/maps/place/?q=place_id:ChIJ0Wop7pMIAWARCxLys3KT8V0,Closed,Mon-Sun closed
Chiisana Ryori Ten Morino Kujira So,https://tabelog.com/hyogo/A2803/A280303/28054019/,https://www.google.com/maps/place/?q=place_id:ChIJBeDqRPz1AGARZTakVpOTGoo,Closed,Mon-Sun closed
MOTO COFFEE,https://tabelog.com/osaka/A2701/A270102/27049833/,https://www.google.com/maps/place/?q=place_id:ChIJAzzg9N3mAGARH2ZW0c4HEXs,Closed,Mon-Sun closed
Mori no Okashi,https://tabelog.com/osaka/A2701/A270101/27076922/,https://www.google.com/maps/place/?q=place_id:ChIJA2rGvO7mAGARTGnNcKt586Y,Closed,Mon-Sun closed
Teuchi Soba Wakuri,https://tabelog.com/gifu/A2103/A210303/21014458/,https://www.google.com/maps/place/?q=place_id:ChIJG3iy1ri1HGARzemC8REkSF0,Closed,Mon-Sun closed
Fogliolina della Porta Fortuna,https://tabelog.com/nagano/A2003/A200301/20011920/,https://www.google.com/maps/place/?q=place_id:ChIJOSnWCbPRHWARbRmMpFZM3ro,Closed,Mon-Sun closed
ecomo Bakery YOKOHAMA MOTOMACHI,https://tabelog.com/kanagawa/A1401/A140105/14059688/,https://www.google.com/maps/place/?q=place_id:ChIJVVUVGh5dGGARJe-Ek3YHa4I,Closed,Mon-Sun closed
Curry House MUMBAI Matsudo Ten,https://tabelog.com/chiba/A1203/A120302/12034462/,https://www.google.com/maps/place/?q=place_id:ChIJUU0dBfuEGGARpUSIQvcz10I,Closed,Mon-Sun closed
GIGLI,https://tabelog.com/miyazaki/A4501/A450101/45012006/,https://www.google.com/maps/place/?q=place_id:ChIJt-G4VBW3ODURjJQul2ir6PY,Closed,Mon-Sun closed
Kawagoe Ichinoya,https://tabelog.com/saitama/A1103/A110303/11000139/,https://www.google.com/maps/place/?q=place_id:ChIJm8sgul_aGGARe2Dj5JnBq9U,Closed,Mon-Sun closed
Tori no Sato,https://tabelog.com/miyazaki/A4501/A450101/45000577/,https://maps.google.com/?cid=4674484503995349953&g_mp=CiVnb29nbGUubWFwcy5wbGFjZXMudjEuUGxhY2VzLkdldFBsYWNlEAIYBCAA,Closed,Mon-Sun closed
Sansar Koiwa Ten,https://tabelog.com/tokyo/A1312/A131204/13009589/,https://www.google.com/maps/place/?q=place_id:ChIJdVMUBHGGGGARPUpKInkB2pU,Closed,Mon-Sun closed
Future Curry Koris,https://tabelog.com/hokkaido/A0101/A010103/1035490/,https://www.google.com/maps/place/?q=place_id:ChIJDT3-FoUpC18REg-u5MiWQcY,Closed,Mon-Sun closed
Tonkatsu So Fujimaru,https://tabelog.com/wakayama/A3001/A300101/30007386/,https://www.google.com/maps/place/?q=place_id:ChIJvVGyIeiyAGARvR0fnGjfNa4,Closed,Mon-Sun closed
Yun Ki,https://tabelog.com/hyogo/A2801/A280102/28042596/,https://www.google.com/maps/place/?q=place_id:ChIJ___rjeKOAGAR8UuLoYfyb94,Closed,Mon-Sun closed
Corners Grill,https://tabelog.com/okinawa/A4705/A470501/47004364/,https://www.google.com/maps/place/?q=place_id:ChIJ-zhSvK0KYDQRTs6UxVQAub4,Closed,Mon-Sun closed
52,https://tabelog.com/tokyo/A1307/A130701/13150543/,https://www.google.com/maps/place/?q=place_id:ChIJVVVVVWCLGGARA6F2aAJmBvM,Closed,Mon-Sun closed
Soba Kiri Morino,https://tabelog.com/tokyo/A1310/A131004/13018364/,https://www.google.com/maps/place/?q=place_id:ChIJ8bix-zyMGGAROKgfyduNkU4,Closed,Mon-Sun closed
Kuku Hanare,https://tabelog.com/osaka/A2705/A270501/27128792/,https://maps.google.com/?cid=9763309994114403953&g_mp=CiVnb29nbGUubWFwcy5wbGFjZXMudjEuUGxhY2VzLkdldFBsYWNlEAIYBCAA,Closed,Mon-Sun closed
Dolce Hon Ten,https://tabelog.com/hiroshima/A3406/A340603/34002088/,https://www.google.com/maps/place/?q=place_id:ChIJed4JcMdTUDURM61D_W_Bkl4,Closed,Mon-Sun closed
Gishu,https://tabelog.com/gifu/A2101/A210101/21001121/,https://www.google.com/maps/place/?q=place_id:ChIJewKjGDipA2ARNJ3xJyEGlwI,Closed,Mon-Sun closed
Nabeyaki Udon Asahi,https://tabelog.com/ehime/A3801/A380101/38000348/,https://www.google.com/maps/place/?q=place_id:ChIJyZJiRfLlTzUR1l4ViXbNurw,Closed,Mon-Sun closed
Tobu,https://tabelog.com/akita/A0505/A050501/5006730/,https://maps.google.com/?cid=10558915166052996505&g_mp=CiVnb29nbGUubWFwcy5wbGFjZXMudjEuUGxhY2VzLkdldFBsYWNlEAIYBCAA,Closed,Mon-Sun closed
Mendoriya,https://tabelog.com/fukuoka/A4008/A400802/40013231/,https://www.google.com/maps/place/?q=place_id:ChIJm21XeUd0QTURQyK5qfIvT94,Closed,Mon-Sun closed
Matoba,https://tabelog.com/mie/A2402/A240202/24000103/,https://www.google.com/maps/place/?q=place_id:ChIJ0deqRySKA2ARRR_pyPSaWVE,Closed,Mon-Sun closed
GELATERIA VITALI,https://tabelog.com/tokyo/A1317/A131703/13207900/,https://www.google.com/maps/place/?q=place_id:ChIJf5r31vL1GGARlj13nXxgaT0,Closed,Mon-Sun closed
Taku Zushi,https://tabelog.com/hokkaido/A0101/A010102/1030580/,https://www.google.com/maps/place/?q=place_id:ChIJy0Zn_oIpC18RxLGU568zi0A,Closed,Mon-Sun closed
Kuwaman,https://tabelog.com/fukuoka/A4001/A400103/40039962/,https://www.google.com/maps/place/?q=place_id:ChIJVVXRUJeRQTURI2_PVcWcBv4,Closed,Mon-Sun closed
Comme Chinois Takashimaya Osaka Ten,https://tabelog.com/osaka/A2701/A270202/27014893/,https://www.google.com/maps/place/?q=place_id:ChIJ3eR2kGznAGARlj4zBDdyGog,Closed,Mon-Sun closed
Tempura Yaguchi,https://tabelog.com/tokyo/A1302/A130204/13248312/,https://www.google.com/maps/place/?q=place_id:ChIJvdV87IiJGGARleVGizDqYLw,Closed,Mon-Sun closed
Kirin,https://tabelog.com/tokyo/A1303/A130302/13188236/,https://www.google.com/maps/place/?q=place_id:ChIJUVcJBUGLGGARraFn8VQUTmk,Closed,Mon-Sun closed
Patisserie Girafe,https://tabelog.com/toyama/A1601/A160101/16000052/,https://www.google.com/maps/place/?q=place_id:ChIJ1zP1ujGQ918R9YTLLw2MK3s,Closed,Mon-Sun closed
Wajo Ryo Men Sugari,https://tabelog.com/kyoto/A2601/A260201/26006820/,https://www.google.com/maps/place/?q=place_id:ChIJAQA0epsIAWAR26BrvH8O_iI,Closed,Mon-Sun closed
Chaya Akawani,https://tabelog.com/gifu/A2101/A210101/21000111/,https://www.google.com/maps/place/?q=place_id:ChIJtxpuTEapA2ARss3S5DDtxyU,Closed,Mon-Sun closed
Ajanta Sohonke,https://tabelog.com/hokkaido/A0101/A010202/1006509/,https://www.google.com/maps/place/?q=place_id:ChIJz0IY1tIuC18RgXbjKorisFY,Closed,Mon-Sun closed
Evian Coffee,https://tabelog.com/hyogo/A2801/A280102/28000650/,https://www.google.com/maps/place/?q=place_id:ChIJ5z9hAv2OAGARvAOOteu3dN4,Closed,Mon-Sun closed
Rockabilly Super One,https://tabelog.com/hyogo/A2803/A280304/28040893/,https://www.google.com/maps/place/?q=place_id:ChIJ1a-yxS7wAGARnKOyzL8-MSM,Closed,Mon-Sun closed
Uogashi Fukuchan 2go Ten,https://tabelog.com/tokyo/A1303/A130301/13067049/,https://maps.google.com/?cid=7338469578300014393&g_mp=CiVnb29nbGUubWFwcy5wbGFjZXMudjEuUGxhY2VzLkdldFBsYWNlEAIYBCAA,Closed,Mon-Sun closed
Ronko Chucha Hon Ten,https://tabelog.com/tokyo/A1318/A131807/13004350/,https://www.google.com/maps/place/?q=place_id:ChIJD73XWjvzGGARzaqktzEX9b0,Closed,Mon-Sun closed
pâtisserie an Du temps pour la maison,https://tabelog.com/aichi/A2302/A230201/23041407/,https://www.google.com/maps/place/?q=place_id:ChIJ10Z_Og-gA2ARqKwKVSl22Mo,Closed,Mon-Sun closed
Happy Camper Bagel,https://tabelog.com/osaka/A2701/A270103/27071749/,https://www.google.com/maps/place/?q=place_id:ChIJS1b_C8TmAGAR6eKm-lIY-L0,Closed,Mon-Sun closed
Cafe Toki ona,https://tabelog.com/osaka/A2701/A270103/27065349/,https://www.google.com/maps/place/?q=place_id:ChIJZbQOgdfmAGARM6XGeV0QEw8,Closed,Mon-Sun closed
PRETTY PORK FACTORY,https://tabelog.com/tokyo/A1304/A130401/13254601/,https://www.google.com/maps/place/?q=place_id:ChIJf2wBt8qNGGARlEaMVjU2UBs,Closed,Mon-Sun closed
Teuchi Homura,https://tabelog.com/tochigi/A0905/A090501/9011436/,https://www.google.com/maps/place/?q=place_id:ChIJf1wgfvcpIGAR8KpVDri9ZfA,Closed,Mon-Sun closed
Tora no Tora,https://tabelog.com/hokkaido/A0101/A010105/1064277/,https://www.google.com/maps/place/?q=place_id:ChIJQ3Vg6u4pC18RBiRGXp_QAFo,Closed,Mon-Sun closed
Patisserie Avalon,https://tabelog.com/aichi/A2301/A230108/23046476/,https://www.google.com/maps/place/?q=place_id:ChIJIWhkvNx6A2ARhx8viM0JCDY,Closed,Mon-Sun closed
Pan Chela Shinjuku Takashimaya Ten,https://tabelog.com/tokyo/A1304/A130401/13004262/,https://www.google.com/maps/place/?q=place_id:ChIJ-3eAc8WMGGARPeMJ1-AaLP4,Closed,Mon-Sun closed
Panetteria ARIETTA Gotanda Honten,https://tabelog.com/tokyo/A1316/A131603/13019888/,https://www.google.com/maps/place/?q=place_id:ChIJTwTO6PmKGGARAqyYmNvtQFU,Closed,Mon-Sun closed
Karatsu Burger Nijinomatsubara Honten,https://tabelog.com/saga/A4102/A410201/41000364/,https://www.google.com/maps/place/?q=place_id:ChIJPXO-C6TXQTURqY5T8sFUl_o,Closed,Mon-Sun closed
de tout Painduce Ekimarushie Oosaka Ten,https://tabelog.com/osaka/A2701/A270101/27068845/,https://www.google.com/maps/place/?q=place_id:ChIJx11vd43mAGARzVfR4jeDNzQ,Closed,Mon-Sun closed
Takaraya,https://tabelog.com/akita/A0501/A050101/5001305/,https://www.google.com/maps/place/?q=place_id:ChIJGZKfeMXCj18R6psoWpRGy_E,Closed,Mon-Sun closed
Hachi no Ki,https://tabelog.com/fukushima/A0701/A070101/7003932/,https://www.google.com/maps/place/?q=place_id:ChIJeRTTBY6Eil8RI7SYBgCuCcw,Closed,Mon-Sun closed
Shukouya Ikkou,https://tabelog.com/niigata/A1501/A150101/15002758/,https://maps.google.com/?cid=6990268620775164658&g_mp=CiVnb29nbGUubWFwcy5wbGFjZXMudjEuUGxhY2VzLkdldFBsYWNlEAIYBCAA,Closed,Mon-Sun closed
Sabai Deal,https://tabelog.com/shizuoka/A2201/A220101/22000848/,https://www.google.com/maps/place/?q=place_id:ChIJ10tnW_ZJGmARBthVRNc8rwM,Closed,Mon-Sun closed
Kiyo,https://tabelog.com/shizuoka/A2202/A220201/22000103/,https://www.google.com/maps/place/?q=place_id:ChIJMQJIBobeGmARpxsu_epAFvc,Closed,Mon-Sun closed
Jikaseimen Menya Rokutosei,https://tabelog.com/kanagawa/A1405/A140506/14077566/,https://www.google.com/maps/place/?q=place_id:ChIJ42_wSj7xGGARoM6vIDNRj_4,Closed,Mon-Sun closed
Le Temps Perdu,https://tabelog.com/aichi/A2301/A230102/23043805/,https://www.google.com/maps/place/?q=place_id:ChIJ5SXs0St3A2ARiTMBzFhHimM,Closed,Mon-Sun closed
Bobino,https://tabelog.com/osaka/A2701/A270101/27005232/,https://www.google.com/maps/place/?q=place_id:ChIJU2CEj-3mAGARVjPWAdbuHXs,Closed,Mon-Sun closed
Fika,https://tabelog.com/nagano/A2004/A200401/20016917/,https://www.google.com/maps/place/?q=place_id:ChIJPcEydN28HWARK7VAXAYnsPk,Closed,Mon-Sun closed
Saunsunda Hiroko,https://tabelog.com/aichi/A2303/A230302/23063380/,https://www.google.com/maps/place/?q=place_id:ChIJV9lktmVmA2ARY1xrq_FlYq8,Closed,Mon-Sun closed
Sushi Yui,https://tabelog.com/miyagi/A0401/A040101/4002612/,https://www.google.com/maps/place/?q=place_id:ChIJTccY2Rcoil8RUmm-eVXaY60,Closed,Mon-Sun closed
Chocolaterie Rojira,https://tabelog.com/hyogo/A2807/A280703/28010088/,https://www.google.com/maps/place/?q=place_id:ChIJAQCEVHdlAGARTfe7XVOsiek,Closed,Mon-Sun closed
Teuchi Soba Kanei,https://tabelog.com/kyoto/A2601/A260503/26001676/,https://www.google.com/maps/place/?q=place_id:ChIJD7PVWvsHAWAR89C1iRFRKT0,Closed,Mon-Sun closed
Ryuen,https://tabelog.com/tokyo/A1311/A131102/13003700/,https://www.google.com/maps/place/?q=place_id:ChIJ8UU86L-OGGARn9PySbX_CnM,Closed,Mon-Sun closed
シンズキッチン Singh's Kitchen,https://tabelog.com/osaka/A2701/A270202/27044516/,https://www.google.com/maps/place/?q=place_id:ChIJJ193dmrnAGAR18d2fz9CbWg,Closed,Mon-Sun closed
YAMAMOTO KASHITEN,https://tabelog.com/osaka/A2701/A270201/27061840/,https://www.google.com/maps/place/?q=place_id:ChIJGeg3_EDnAGARfh8_I6H2vlU,Closed,Mon-Sun closed
Noodle & Spice Curry Kyou no Ichiban,https://tabelog.com/saitama/A1102/A110201/11052642/,https://www.google.com/maps/place/?q=place_id:ChIJizoHBy-TGGARAsriNxNwKBk,Closed,Mon-Sun closed
Sakuma Ice Cream Kobo,https://tabelog.com/chiba/A1202/A120201/12001248/,https://www.google.com/maps/place/?q=place_id:ChIJS-KUcI1_ImARilIaSF256LY,Closed,Mon-Sun closed
Cante Grande Bakery,https://tabelog.com/osaka/A2701/A270101/27005149/,https://www.google.com/maps/place/?q=place_id:ChIJ7Vx9LZvmAGARqgHu0u8AwKI,Closed,Mon-Sun closed
Kokonotsu,https://tabelog.com/tokyo/A1324/A132402/13158606/,https://www.google.com/maps/place/?q=place_id:ChIJIzkp_06OGGAR2PhAZocawm8,Closed,Mon-Sun closed
Tonko,https://tabelog.com/tokyo/A1309/A130903/13000935/,https://www.google.com/maps/place/?q=place_id:ChIJKw5h7PGMGGARDyt7i4OUCFM,Closed,Mon-Sun closed
MEI,https://tabelog.com/aichi/A2301/A230101/23077616/,https://www.google.com/maps/place/?q=place_id:ChIJP2Beltt2A2ARCMIYoITaxbU,Closed,Mon-Sun closed
Mizuho,https://tabelog.com/tokyo/A1306/A130601/13001154/,https://www.google.com/maps/place/?q=place_id:ChIJk04UMaWMGGAR-22dNmWoPvk,Closed,Mon-Sun closed
Niou,https://tabelog.com/tokyo/A1310/A131002/13000619/,https://www.google.com/maps/place/?q=place_id:ChIJrVoguxuMGGARo34wGbVuyx8,Closed,Mon-Sun closed
Seafood Chinese Koga,https://tabelog.com/aichi/A2301/A230101/23010210/,https://www.google.com/maps/place/?q=place_id:ChIJazJZzsN2A2ARHLAIBypJHtY,Closed,Mon-Sun closed
Michel bach,https://tabelog.com/hyogo/A2803/A280301/28001388/,https://www.google.com/maps/place/?q=place_id:ChIJnwyQr-LyAGARU8E6dd-vP4E,Closed,Mon-Sun closed
Toraya Osaka Tenma Ten,https://tabelog.com/osaka/A2701/A270103/27088273/,https://maps.google.com/?cid=1714570422004372597&g_mp=CiVnb29nbGUubWFwcy5wbGFjZXMudjEuUGxhY2VzLkdldFBsYWNlEAIYBCAA,Closed,Mon-Sun closed
Miyoshiya,https://tabelog.com/kyoto/A2601/A260301/26002185/,https://www.google.com/maps/place/?q=place_id:ChIJAQC9L8AIAWARf4C6GEp4wDw,Closed,Mon-Sun closed
Boulangerie Paris no Sora no Shita,https://tabelog.com/tokyo/A1317/A131709/13100024/,https://www.google.com/maps/place/?q=place_id:ChIJp69FyIL0GGARnU7rNBGP3uo,Closed,Mon-Sun closed
Hao Hao,https://tabelog.com/tokyo/A1317/A131710/13007471/,https://www.google.com/maps/place/?q=place_id:ChIJ9Swy8uOKGGARu1FY9ZO_cB0,Closed,Mon-Sun closed
cocoo cafe,https://tabelog.com/osaka/A2701/A270106/27031667/,https://www.google.com/maps/place/?q=place_id:ChIJJcBJG_zmAGAR67orXVsA5QM,Closed,Mon-Sun closed
Chinese Sai Shanwei,https://tabelog.com/osaka/A2701/A270103/27018257/,https://www.google.com/maps/place/?q=place_id:ChIJh7Bd6sLmAGARCgyU2QqEzSE,Closed,Mon-Sun closed
Masaka,https://tabelog.com/aichi/A2301/A230105/23000156/,https://maps.google.com/?cid=11011794759688043390&g_mp=CiVnb29nbGUubWFwcy5wbGFjZXMudjEuUGxhY2VzLkdldFBsYWNlEAIYBCAA,Closed,Mon-Sun closed
Koimen Kurage,https://tabelog.com/chiba/A1201/A120101/12033982/,https://www.google.com/maps/place/?q=place_id:ChIJ9_7J8ceEImARJFQqfTMybKA,Closed,Mon-Sun closed
BCN groc,https://tabelog.com/tokyo/A1307/A130702/13285601/,https://www.google.com/maps/place/?q=place_id:ChIJYeAbDy6LGGARgiAyxTmPV98,Closed,Mon-Sun closed
TAIMATSU,https://tabelog.com/osaka/A2701/A270101/27112238/,https://www.google.com/maps/place/?q=place_id:ChIJOdjCBO_mAGARMVAMlUoArk8,Closed,Mon-Sun closed
Bon Kura,https://tabelog.com/miyagi/A0401/A040101/4013005/,https://www.google.com/maps/place/?q=place_id:ChIJP70B6TAoil8Rxl6nQ4he5oI,Closed,Mon-Sun closed
Takasago Horumon,https://tabelog.com/saitama/A1107/A110701/11003214/,https://www.google.com/maps/place/?q=place_id:ChIJUeFmndXLHmAR_bQUHWtGYDA,Closed,Mon-Sun closed
